customer_id,age,gender,education_level,employment_type,annual_income,loan_amount,credit_score,default_flag,spending_ratio,join_date,repayment_history,transaction_count,join_year,join_month,join_day,join_weekday,region_East,region_North,region_South,region_West,loan_purpose_Business,loan_purpose_Car,loan_purpose_Education,loan_purpose_Home,loan_purpose_Other,debt_to_income_ratio,avg_monthly_transaction,spending_to_income_ratio
100001,0.807600950118765,1,1,Salaried,-0.8307327711755351,-0.31478473467546886,-0.6794918330308531,0,15.02,2024-05-05,6.0,62.0,2024,5,5,Sunday,1,0,0,0,0,0,0,1,0,0.37892418067248046,10.333333333333334,0.1502
100002,-1.0451306413301664,1,2,Salaried,-0.6323595234625727,-0.18171422625681966,0.5546279491833029,1,27.04,2016-03-03,11.0,57.0,2016,3,3,Thursday,0,0,1,0,0,0,0,0,1,0.2873590410433262,9.5,0.2704
100003,-0.28503562945368177,0,2,Salaried,-0.17159369611273081,-0.2804863610506839,-0.2039927404718695,0,71.28,2013-02-17,0.0,52.0,2013,2,17,Sunday,0,1,0,0,0,0,1,0,0,1.6345959519772486,8.666666666666666,0.7128
100004,-0.807600950118765,1,1,Salaried,-0.4971149919205324,-0.6183099738299384,0.7034482758620688,0,71.66,2025-03-06,10.0,284.0,2025,3,6,Thursday,0,1,0,0,1,0,0,0,0,1.2437966745705789,47.333333333333336,0.7166
100005,-0.8551068883610452,0,2,Self-Employed,-0.9474203420417924,4.9379936022306845,0.07186932849364774,0,12.82,2022-03-26,12.0,86.0,2022,3,26,Saturday,1,0,0,0,0,1,0,0,0,-5.212040931682741,14.333333333333334,0.1282
100006,-0.807600950118765,1,2,Salaried,-0.279556358439137,-0.4041330241645773,-0.011615245009074576,0,7.86,2019-06-19,5.0,57.0,2019,6,19,Wednesday,0,0,0,1,0,0,0,1,0,1.4456227231639314,9.5,0.0786
100007,0.7125890736342043,0,1,Salaried,0.9956959244659789,1.055636064972723,-0.1894736842105265,0,24.68,2012-02-07,12.0,27.0,2012,2,7,Tuesday,0,0,1,0,0,0,0,1,0,1.0601992425939595,4.5,0.2468
100008,-0.4275534441805226,0,1,Salaried,0.8384113843749185,0.8910271777428785,0.16624319419237732,0,59.18,2021-05-02,8.0,155.0,2021,5,2,Sunday,1,0,0,0,1,0,0,0,0,1.0627565349761896,25.833333333333332,0.5918
100009,0.09501187648456058,0,1,Salaried,0.49218927415257674,0.5604636874569086,0.5872958257713247,0,22.9,2022-08-03,9.0,40.0,2022,8,3,Wednesday,0,0,0,1,1,0,0,0,0,1.1387157682821976,6.666666666666667,0.22899999999999998
100010,0.0,1,2,Salaried,-0.9447600768968055,-0.6243030966972914,-0.41088929219600745,0,68.12,2024-07-29,1.0,124.0,2024,7,29,Monday,0,0,1,0,1,0,0,0,0,0.6608059675297678,20.666666666666668,0.6812
100011,0.7125890736342043,1,2,Salaried,-0.5241023381836394,-0.17120478551088464,-0.9626134301270419,0,24.84,2019-05-30,2.0,194.0,2019,5,30,Thursday,0,0,0,1,0,0,0,1,0,0.3266628920302517,32.333333333333336,0.2484
100012,0.9501187648456059,0,2,Salaried,-0.43744545825538184,-0.5003182401041586,-0.9880217785843922,0,30.04,2023-03-21,1.0,92.0,2023,3,21,Tuesday,1,0,0,0,0,0,1,0,0,1.1437271336626187,15.333333333333334,0.3004
100013,0.4275534441805226,0,3,Salaried,0.2738494648014953,0.5380665489644298,-0.4362976406533577,0,73.29,2010-02-23,10.0,290.0,2010,2,23,Tuesday,0,1,0,0,0,1,0,0,0,1.9648260015934558,48.333333333333336,0.7329000000000001
100014,0.5225653206650832,0,2,Salaried,-0.8114342978235222,-0.48035772654421677,0.1372050816696913,0,67.83,2013-07-31,0.0,166.0,2013,7,31,Wednesday,0,1,0,0,0,1,0,0,0,0.5919859782026236,27.666666666666668,0.6783
100015,0.6175771971496438,0,2,Self-Employed,0.9719369349455176,0.8935068827527924,-0.5379310344827588,1,30.01,2017-08-19,11.0,166.0,2017,8,19,Saturday,0,1,0,0,1,0,0,0,0,0.9193054102866031,27.666666666666668,0.30010000000000003
100016,0.5700712589073635,1,3,Unemployed,0.5133484385252397,0.9214544056797951,0.15535390199637006,1,91.15,2014-10-30,2.0,140.0,2014,10,30,Thursday,0,0,0,1,0,0,1,0,0,1.7949882312430374,23.333333333333332,0.9115000000000001
100017,0.23752969121140147,0,1,Salaried,-0.3456421613800066,0.0023186149426334506,-0.1495462794918332,0,14.2,2017-07-20,6.0,209.0,2017,7,20,Thursday,0,0,0,1,0,0,0,1,0,-0.006708136916446123,34.833333333333336,0.142
100018,-0.9026128266033255,0,1,Unemployed,0.7282511202006545,-0.4752156743601791,-0.12050816696914717,1,13.7,2018-07-10,12.0,29.0,2018,7,10,Tuesday,0,1,0,0,1,0,0,0,0,-0.6525436915623875,4.833333333333333,0.13699999999999998
100019,-0.47505938242280293,0,1,Salaried,-0.2036209393748996,-0.5340518137370756,0.598185117967332,0,59.34,2017-09-18,9.0,37.0,2017,9,18,Monday,0,0,0,1,1,0,0,0,0,2.622774530834466,6.166666666666667,0.5934
100020,0.28503562945368177,0,2,Unemployed,-0.8391281175398192,-0.47609066859458127,0.2569872958257712,0,70.68,2010-12-22,8.0,10.0,2010,12,22,Wednesday,0,1,0,0,0,0,0,1,0,0.5673635034306777,1.6666666666666667,0.7068000000000001
100021,-0.3800475059382423,1,1,Salaried,-0.08920384448526888,0.628275161827479,-0.7230490018148822,1,16.23,2022-01-10,12.0,179.0,2022,1,10,Monday,0,0,0,1,0,0,0,0,1,-7.043139961655266,29.833333333333332,0.1623
100022,-0.807600950118765,1,3,Unemployed,0.7057258787637781,-0.23387297775678706,-0.29183303085299467,0,12.09,2018-06-28,11.0,139.0,2018,6,28,Thursday,0,1,0,0,1,0,0,0,0,-0.33139351240238346,23.166666666666668,0.1209
100023,-0.9501187648456059,1,3,Salaried,0.5726599916784065,0.819005359351744,0.5691470054446459,0,79.65,2016-07-29,10.0,157.0,2016,7,29,Friday,0,1,0,0,0,0,0,0,1,1.4301773674660334,26.166666666666668,0.7965000000000001
100024,0.9026128266033255,0,1,Salaried,-0.9213551095566473,-0.4076572140510677,-0.7774954627949185,0,84.69,2023-11-15,2.0,281.0,2023,11,15,Wednesday,0,0,1,0,0,0,0,1,0,0.4424539570277424,46.833333333333336,0.8469
100025,-0.9501187648456059,0,0,Salaried,0.7111757825983952,-0.4828362096523278,-0.7520871143375683,0,56.96,2018-02-10,7.0,14.0,2018,2,10,Saturday,0,0,1,0,0,1,0,0,0,-0.6789266753266091,2.3333333333333335,0.5696
100026,0.09501187648456058,1,2,Salaried,-0.8729673803182939,-0.3911202522942649,0.9393829401088928,0,11.26,2025-10-20,3.0,34.0,2025,10,20,Monday,0,0,1,0,0,0,1,0,0,0.4480353574627931,5.666666666666667,0.11259999999999999
100027,-0.47505938242280293,0,1,Salaried,0.3412640157862884,-0.041379005174297975,0.1698729582577131,0,50.594,2024-10-31,1.0,277.0,2024,10,31,Thursday,1,0,0,0,0,0,0,1,0,-0.12125217796244586,46.166666666666664,0.5059400000000001
100028,-1.0926365795724466,1,0,Salaried,-0.4957157749224711,0.19928952318704674,-0.7484573502722325,0,93.67,2016-06-28,4.0,275.0,2016,6,28,Tuesday,0,1,0,0,0,0,1,0,0,-0.40202376698263276,45.833333333333336,0.9367
100029,-0.23752969121140147,1,2,Unemployed,0.3047903323961326,-0.6424517388931785,0.10816696914700528,0,82.98,2015-03-23,11.0,107.0,2015,3,23,Monday,1,0,0,0,0,0,0,1,0,-2.107848152014845,17.833333333333332,0.8298000000000001
100030,-0.7125890736342043,1,2,Salaried,-0.4616265603612021,-0.4548751895337005,0.27150635208711416,0,30.02,2018-07-11,8.0,236.0,2018,7,11,Wednesday,0,1,0,0,0,0,1,0,0,0.9853748215392568,39.333333333333336,0.3002
100031,0.4275534441805226,1,0,Salaried,-0.4720783576606725,-0.6438734698737187,0.4319419237749546,0,80.07,2024-04-04,7.6,117.0,2024,4,4,Thursday,0,1,0,0,0,0,1,0,0,1.3639122815635019,19.5,0.8007
100032,-0.6175771971496438,0,2,Salaried,0.9041253437677385,1.2909737332050126,-0.4508166969147007,0,38.32,2013-08-25,1.0,21.0,2013,8,25,Sunday,0,0,0,1,0,0,1,0,0,1.4278703081424207,3.5,0.3832
100033,0.6650831353919241,0,1,Salaried,0.8092663834632705,1.4848270233101664,-0.8573502722323051,0,65.32,2014-09-13,3.0,281.0,2014,9,13,Saturday,0,0,0,1,0,1,0,0,0,1.8347815424580243,46.833333333333336,0.6531999999999999
100034,0.9501187648456059,1,1,Salaried,0.7592959694409694,1.8970775109369105,-0.4290381125226862,0,89.3,2025-09-28,12.0,247.0,2025,9,28,Sunday,0,1,0,0,0,1,0,0,0,2.4984690914843535,41.166666666666664,0.893
100035,-0.6175771971496438,0,3,Salaried,0.4748428440812819,0.2890628254940155,0.5255898366606169,0,11.43,2024-07-14,6.0,215.0,2024,7,14,Sunday,0,0,1,0,0,1,0,0,0,0.6087547261100449,35.833333333333336,0.1143
100036,-0.28503562945368177,1,1,Salaried,-0.07260394156867848,-0.36006269988130457,0.7070780399274046,0,20.4,2024-03-29,1.0,36.0,2024,3,29,Friday,0,1,0,0,0,1,0,0,0,4.9592720739645975,6.0,0.204
100037,-0.4275534441805226,1,1,Salaried,-0.8988344122135388,-0.3711974327971745,0.3005444646098002,0,307.81,2026-05-10,3.0,279.0,2026,5,10,Sunday,0,0,1,0,1,0,0,0,0,0.4129764367644037,46.5,3.0781
100038,0.9501187648456059,2,3,Salaried,-0.1732443878750132,-0.14180786999739764,-0.01887477313974608,1,39.15,2020-05-14,1.0,231.0,2020,5,14,Thursday,1,0,0,0,0,0,0,0,1,0.8185423593617626,38.5,0.39149999999999996
100039,0.19002375296912116,1,1,Unemployed,0.24219681816918642,-0.20805831658190715,-0.29836660617059907,1,66.93,2024-05-09,8.0,12.0,2024,5,9,Thursday,1,0,0,0,1,0,0,0,0,-0.8590464488949981,2.0,0.6693000000000001
100040,-1.0926365795724466,0,1,Salaried,0.3259189217628754,0.013831526466474368,0.16261343012704157,0,51.120000000000005,2014-12-05,7.0,251.0,2014,12,5,Friday,0,0,1,0,0,0,0,1,0,0.042438550028517805,41.833333333333336,0.5112000000000001
100041,-0.19002375296912116,0,1,Self-Employed,0.0997841544366181,-0.3266806882980091,0.40580762250453706,0,25.61,2011-04-04,6.0,140.0,2011,4,4,Monday,0,0,0,1,0,1,0,0,0,-3.273873393450595,23.333333333333332,0.2561
100042,0.7600950118764846,0,2,Salaried,-0.4510071641033011,-0.23707279290876848,0.1916515426497276,0,77.45,2010-09-20,11.0,289.0,2010,9,20,Monday,0,0,0,1,1,0,0,0,0,0.525651944753738,48.166666666666664,0.7745000000000001
100043,0.9501187648456059,1,2,Unemployed,0.473601188209519,0.8148549126360006,0.05009074410163323,0,29.1,2018-12-31,0.0,282.0,2018,12,31,Monday,0,0,0,1,0,0,0,0,1,1.7205508198081474,47.0,0.29100000000000004
100044,-0.09501187648456058,1,2,Salaried,-0.631757706168979,-0.64022136616166,-0.0950998185117969,0,87.18,2014-09-25,8.0,85.0,2014,9,25,Thursday,0,0,1,0,0,0,0,0,1,1.0133970031707333,14.166666666666666,0.8718
100045,-0.9026128266033255,1,2,Salaried,-0.21887247121764242,-0.4670593592439795,-0.9843920145190564,0,83.87,2022-09-21,1.0,125.0,2022,9,21,Wednesday,0,0,1,0,0,0,0,1,0,2.133933777261303,20.833333333333332,0.8387
100046,0.19002375296912116,1,0,Salaried,0.7049858926190484,0.5058688978588226,0.7215970961887476,0,24.14,2017-01-21,0.0,46.0,2017,1,21,Saturday,0,0,0,1,0,0,0,0,1,0.7175588946602904,7.666666666666667,0.2414
100047,0.7125890736342043,1,2,Self-Employed,-0.002415008334074178,0.6616077587372093,0.6526315789473682,0,40.61,2021-03-13,3.0,165.0,2021,3,13,Saturday,0,0,0,1,1,0,0,0,0,-273.9567186590453,27.5,0.4061
100048,0.23752969121140147,1,2,Salaried,0.5594908351808046,0.4818226340680657,-0.11687840290381142,0,46.3,2024-06-02,8.8,42.0,2024,6,2,Sunday,0,0,1,0,0,0,0,1,0,0.8611805659200125,7.0,0.46299999999999997
100049,-0.23752969121140147,1,1,Salaried,-0.7568566253547229,-0.5277261084921828,-0.4362976406533577,0,17.57,2015-12-10,1.0,42.0,2015,12,10,Thursday,1,0,0,0,0,0,0,1,0,0.697260340747957,7.0,0.1757
100050,0.14251781472684089,1,1,Salaried,-0.17668134159709029,0.5653846075699474,-0.9299455535390201,0,53.51,2022-08-04,1.0,130.0,2022,8,4,Thursday,0,0,0,1,0,0,0,0,1,-3.2000244194390843,21.666666666666668,0.5351
100051,0.04750593824228029,1,1,Salaried,0.7941531269738615,1.5742775827646394,-0.18584392014519072,0,43.56,2023-02-10,4.2,275.0,2023,2,10,Friday,1,0,0,0,0,0,1,0,0,1.9823350551592736,45.833333333333336,0.43560000000000004
100052,0.19002375296912116,1,1,Self-Employed,-0.20926949643375728,-0.4422799382938787,0.7324863883847548,0,40.95,2023-02-02,10.0,58.0,2023,2,2,Thursday,0,0,0,1,0,0,0,0,1,2.1134467556473484,9.666666666666666,0.40950000000000003
100053,0.5225653206650832,1,2,Self-Employed,8.858831867254773,-0.48168858661700037,0.16043557168784003,0,94.76,2014-12-02,8.0,84.0,2014,12,2,Tuesday,0,0,0,1,0,0,1,0,0,-0.05437382646322521,14.0,0.9476
100054,0.04750593824228029,1,1,Self-Employed,-0.26113770861742,0.27243763760375306,0.5618874773139745,0,50.86,2013-02-07,10.0,140.0,2013,2,7,Thursday,0,0,0,1,0,0,0,1,0,-1.0432719159793504,23.333333333333332,0.5085999999999999
100055,0.33254156769596205,1,3,Salaried,0.29689962007005083,0.9009123150946796,-0.8537205081669693,0,50.448,2012-01-15,10.0,221.0,2012,1,15,Sunday,0,1,0,0,0,1,0,0,0,3.034400363604768,36.833333333333336,0.50448
100056,-0.5225653206650832,0,1,Salaried,-0.806241969554017,-0.18724510849546463,0.7252268602540833,0,18.76,2012-06-17,4.0,300.0,2012,6,17,Sunday,0,0,1,0,0,0,1,0,0,0.23224430824289843,50.0,0.18760000000000002
100057,-0.6175771971496438,1,2,Salaried,-0.401332346930687,-0.05227097353396268,0.15535390199637006,0,76.29,2013-08-03,11.0,81.0,2013,8,3,Saturday,0,1,0,0,1,0,0,0,0,0.13024360965100643,13.5,0.7629
100058,0.09501187648456058,0,0,Self-Employed,0.24974405025749974,-0.46131796422566146,0.11542649727767679,0,58.68,2019-06-21,2.0,26.0,2019,6,21,Friday,0,0,1,0,0,0,0,0,1,-1.8471629804594643,4.333333333333333,0.5868
100059,-0.7600950118764846,0,1,Salaried,-0.2787535182474042,-0.044148767163482386,0.26424682395644267,1,39.35,2018-08-19,5.0,112.0,2018,8,19,Sunday,0,1,0,0,1,0,0,0,0,0.15837922850644956,18.666666666666668,0.3935
100060,0.28503562945368177,1,2,Self-Employed,0.4146038520402688,0.2805703667996274,-0.25626134301270426,0,52.62,2020-07-01,6.0,84.0,2020,7,1,Wednesday,1,0,0,0,0,0,1,0,0,0.6767191511100016,14.0,0.5262
100061,0.7600950118764846,0,2,Self-Employed,0.17815572252117123,1.4709522865373075,-0.09147005444646114,0,82.47,2022-05-30,3.2,216.0,2022,5,30,Monday,0,0,0,1,0,0,0,1,0,8.256553680797461,36.0,0.8247
100062,-0.28503562945368177,0,2,Salaried,0.33405375487642786,0.030159969072861486,0.834119782214156,0,66.23,2010-04-05,6.0,132.0,2010,4,5,Monday,0,0,1,0,0,1,0,0,0,0.0902847779215,22.0,0.6623
100063,0.3800475059382423,1,1,Self-Employed,0.4019924386767835,-0.06736830987987616,-0.9662431941923777,0,66.35,2012-07-27,7.0,118.0,2012,7,27,Friday,1,0,0,0,0,1,0,0,0,-0.16758601256687497,19.666666666666668,0.6635
100064,-0.8551068883610452,1,2,Self-Employed,0.3802192802592574,0.7039595424454451,0.5045372050816697,0,72.58,2022-01-16,12.2,119.0,2022,1,16,Sunday,0,0,0,1,0,0,0,1,0,1.851456722461421,19.833333333333332,0.7258
100065,-0.8551068883610452,1,2,Salaried,0.15567296658598945,0.19550202953970516,0.9684210526315787,0,35.62,2024-05-17,1.0,147.0,2024,5,17,Friday,0,0,0,1,0,0,0,0,1,1.2558508636868255,24.5,0.35619999999999996
100066,-0.09501187648456058,1,1,Salaried,-0.7933391040513712,-0.5590841844380142,-0.5597096188747733,0,44.13,2016-08-01,5.0,19.0,2016,8,1,Monday,0,0,0,1,0,1,0,0,0,0.7047228374133084,3.1666666666666665,0.4413
100067,-0.5225653206650832,1,1,Salaried,0.5235256642838835,0.7165865792097953,-0.6323049001814883,0,34.46,2020-03-05,4.0,24.0,2020,3,5,Thursday,0,0,0,1,0,0,1,0,0,1.368770679447004,4.0,0.3446
100068,-0.4275534441805226,1,0,Salaried,-0.47695601631192086,0.26182389306905796,0.082758620689655,0,29.851999999999997,2026-03-13,9.0,266.0,2026,3,13,Friday,1,0,0,0,0,1,0,0,0,-0.5489476683691306,44.333333333333336,0.29851999999999995
100069,0.807600950118765,0,1,Salaried,-0.45630793823560356,-0.19269536933160689,0.2606170598911069,0,92.47,2015-11-28,6.0,8.0,2015,11,28,Saturday,0,0,0,1,0,0,0,1,0,0.422292388943962,1.3333333333333333,0.9247
100070,-0.33254156769596205,0,1,Salaried,-0.02924763352948774,0.23768982116387902,-0.8065335753176045,1,50.69,2014-01-03,11.0,105.0,2014,1,3,Friday,0,0,0,1,0,0,0,0,1,-8.126805231070675,17.5,0.5069
100071,-0.19002375296912116,1,1,Self-Employed,0.24219681816918642,0.8229376403238915,-0.16406533575317622,0,83.35,2012-05-21,5.0,68.0,2012,5,21,Monday,0,0,1,0,1,0,0,0,0,3.397805332640782,11.333333333333334,0.8334999999999999
100072,0.23752969121140147,0,3,Unemployed,-0.4129837938601149,-0.01776972401577241,-0.6359346642468241,0,80.75,2016-09-10,6.0,156.0,2016,9,10,Saturday,1,0,0,0,0,1,0,0,0,0.04302765454712089,26.0,0.8075
100073,0.807600950118765,1,1,Salaried,-0.8872129367775774,-0.6438734698737187,0.670780399274047,0,59.81,2021-05-21,11.0,300.0,2021,5,21,Friday,0,1,0,0,1,0,0,0,0,0.7257259708276059,50.0,0.5981000000000001
100074,-0.23752969121140147,1,2,Self-Employed,-0.10690490024932053,0.3365067241889267,-0.022504537205081835,0,38.65,2013-06-06,3.0,225.0,2013,6,6,Thursday,1,0,0,0,0,0,0,0,1,-3.1477202953665864,37.5,0.3865
100075,0.9026128266033255,0,1,Salaried,0.2917327192002441,1.1483375826006876,-0.47622504537205096,1,53.54,2013-08-16,10.0,114.0,2013,8,16,Friday,0,0,1,0,0,1,0,0,0,3.9362659963158735,19.0,0.5354
100076,-0.19002375296912116,0,1,Salaried,-0.41563801500538294,-0.24454888654570017,0.006533575317604191,0,42.18,2021-11-23,10.0,48.0,2021,11,23,Tuesday,1,0,0,0,1,0,0,0,0,0.5883698740658575,8.0,0.4218
100077,0.5320665083135394,1,3,Self-Employed,0.2012973454271756,-0.6098902745646111,-0.15317604355716896,0,34.17,2023-06-08,12.0,125.0,2023,6,8,Thursday,0,1,0,0,0,0,0,0,1,-3.029797900565233,20.833333333333332,0.3417
100078,0.6650831353919241,0,2,Self-Employed,0.0748248833731599,-0.31202354207655947,0.6381125226860253,0,30.933999999999997,2010-06-09,3.0,248.0,2010,6,9,Wednesday,1,0,0,0,0,1,0,0,0,-4.170050496710617,41.333333333333336,0.30933999999999995
100079,0.6650831353919241,1,3,Salaried,-0.20096861751882372,-0.23460351425831696,-0.6141560798548096,0,84.08,2018-02-21,9.0,104.0,2018,2,21,Wednesday,0,0,0,1,0,0,1,0,0,1.1673639255459516,17.333333333333332,0.8408
100080,0.14251781472684089,0,2,Salaried,0.524126647310262,-0.5735842600060087,-0.6758620689655174,0,26.55,2016-11-24,11.0,8.0,2016,11,24,Thursday,1,0,0,0,0,0,1,0,0,-1.0943619503979727,1.3333333333333333,0.2655
100081,-0.7600950118764846,0,3,Self-Employed,-1.0121841598282917,-0.5015969362243207,0.714337568058076,0,84.02,2015-05-28,3.0,95.0,2015,5,28,Thursday,0,0,0,1,0,1,0,0,0,0.49555896657127324,15.833333333333334,0.8402
100082,0.47505938242280293,1,2,Self-Employed,-0.622639635891174,-0.24825915117580732,0.06460980036297624,0,188.37,2011-10-08,1.0,238.0,2011,10,8,Saturday,0,0,0,1,1,0,0,0,0,0.398720442556597,39.666666666666664,1.8837000000000002
100083,-0.7600950118764846,1,2,Salaried,-1.0121841598282917,-0.570385369319207,-0.16769509981851197,0,78.44,2020-11-25,5.0,231.0,2020,11,25,Wednesday,0,0,1,0,0,0,0,1,0,0.5635193593782064,38.5,0.7844
100084,0.28503562945368177,0,2,Self-Employed,0.00601440098310416,-0.220550365352357,0.7905626134301269,0,73.93,2021-12-12,8.0,233.0,2021,12,12,Sunday,0,0,1,0,0,1,0,0,0,-36.67037930658994,38.833333333333336,0.7393000000000001
100085,0.28503562945368177,0,1,Salaried,0.20283190541806084,-0.34900865267855863,-0.7448275862068967,0,64.38,2012-11-17,3.0,146.0,2012,11,17,Saturday,0,0,0,1,1,0,0,0,0,-1.7206792588138933,24.333333333333332,0.6437999999999999
100086,-0.09501187648456058,0,2,Salaried,-0.1714996830727568,-0.06412695006659899,0.8159709618874772,0,19.86,2022-05-01,1.0,151.0,2022,5,1,Sunday,1,0,0,0,1,0,0,0,0,0.37391876718159217,25.166666666666668,0.1986
100087,0.5225653206650832,1,2,Salaried,-0.10420078282443487,-0.1913497338936024,-0.30199637023593484,0,83.52,2021-11-01,2.0,123.0,2021,11,1,Monday,1,0,0,0,0,1,0,0,0,1.8363560110292307,20.5,0.8351999999999999
100088,0.6175771971496438,1,0,Self-Employed,0.41031947275643277,1.0861685774353729,0.4312159709618873,0,91.79,2019-06-29,5.0,282.0,2019,6,29,Saturday,0,0,0,1,0,1,0,0,0,2.6471290044772666,47.0,0.9179
100089,0.3800475059382423,0,2,Salaried,0.7489752053453897,1.6233591675060828,0.6308529945553537,1,72.97,2022-02-04,12.0,300.0,2022,2,4,Friday,0,0,1,0,1,0,0,0,0,2.167440465212024,50.0,0.7297
100090,-1.0926365795724466,0,3,Unemployed,-0.8877001488312741,-0.35633269189048883,-0.01887477313974608,1,23.1,2025-06-22,4.0,204.0,2025,6,22,Sunday,0,0,0,1,1,0,0,0,0,0.4014110985107171,34.0,0.231
100091,0.8551068883610452,1,3,Self-Employed,-0.25931920134223824,-0.2655084414895126,0.14519056261343014,0,40.91,2016-12-28,8.0,117.0,2016,12,28,Wednesday,1,0,0,0,0,0,0,1,0,1.0238672651899234,19.5,0.40909999999999996
100092,0.7600950118764846,1,3,Self-Employed,-0.14820899969086615,-0.5212236937378858,-0.6323049001814883,0,63.49,2025-01-24,10.0,212.0,2025,1,24,Friday,1,0,0,0,0,0,1,0,0,3.5168154081402108,35.333333333333336,0.6349
100093,-1.0451306413301664,1,1,Salaried,-0.7420402969924722,-0.34790012246209373,-0.3346642468239566,1,85.97,2019-10-29,8.0,18.0,2019,10,29,Tuesday,0,1,0,0,0,0,0,1,0,0.4688426273777192,3.0,0.8597
100094,0.7600950118764846,1,2,Salaried,-0.5636888234319479,-0.13098066243328205,0.7034482758620688,0,15.89,2020-02-16,6.0,74.0,2020,2,16,Sunday,0,0,1,0,0,0,0,1,0,0.23236341929900772,12.333333333333334,0.1589
100095,0.28503562945368177,0,0,Unemployed,-0.29090872412197677,0.22131243817475812,0.5727767695099817,0,10.76,2015-01-15,7.0,172.0,2015,1,15,Thursday,0,0,1,0,1,0,0,0,0,-0.7607624654184065,28.666666666666668,0.1076
100096,-0.19002375296912116,1,3,Salaried,-0.25652940289931153,-0.21170108721506406,0.09364791288566227,0,57.95,2010-06-22,6.0,134.0,2010,6,22,Tuesday,0,0,0,1,0,0,1,0,0,0.8252507697846913,22.333333333333332,0.5795
100097,0.5225653206650832,0,1,Salaried,0.37031559652019613,0.9022213497503934,-0.8210526315789475,0,57.96,2015-03-01,5.0,119.0,2015,3,1,Sunday,0,0,0,1,1,0,0,0,0,2.4363579558312995,19.833333333333332,0.5796
100098,-0.23752969121140147,0,2,Salaried,0.10883485497423796,0.5574332423646869,-0.49437386569872976,0,11.39,2010-02-28,3.0,107.0,2010,2,28,Sunday,0,0,1,0,0,0,0,1,0,5.121826481935733,17.833333333333332,0.1139
100099,-0.19002375296912116,0,2,Self-Employed,-0.8561862461619687,-0.5315443184999754,0.54010889292196,0,10.3,2024-02-26,1.0,293.0,2024,2,26,Monday,0,1,0,0,0,1,0,0,0,0.6208279108461884,48.833333333333336,0.10300000000000001
100100,0.5225653206650832,0,2,Unemployed,0.6682037167381017,-0.015693889706999347,0.7869328493647911,0,86.49,2011-07-07,9.0,63.0,2011,7,7,Thursday,1,0,0,0,0,0,1,0,0,-0.023486684245952,10.5,0.8649
100101,-0.09501187648456058,1,3,Salaried,0.9482903052436193,1.8196164449035142,0.4711433756805806,0,11.38,2017-05-30,4.0,299.0,2017,5,30,Tuesday,0,0,0,1,0,0,0,0,1,1.918839025182323,49.833333333333336,0.11380000000000001
100102,0.3705463182897861,1,0,Salaried,-0.10535094443319933,1.4325498791720996,-0.02976406533575334,0,30.06,2015-05-04,1.0,129.0,2015,5,4,Monday,0,0,0,1,0,0,1,0,0,-13.597883596387192,21.5,0.3006
100103,-0.807600950118765,0,0,Self-Employed,0.11418696139078997,0.9411687381817803,-0.18221415607985497,0,24.28,2020-11-20,1.0,294.0,2020,11,20,Friday,0,0,0,1,1,0,0,0,0,8.242348572187266,49.0,0.24280000000000002
100104,0.9976247030878861,1,1,Salaried,-0.9651533395899675,-0.3783363538859783,-0.5742286751361163,1,70.1,2012-12-19,5.8,179.0,2012,12,19,Wednesday,0,0,0,1,0,0,0,0,1,0.3919961091847949,29.833333333333332,0.701
100105,-0.7125890736342043,1,2,Self-Employed,0.9060261417410014,0.5251427106444103,-0.4290381125226862,0,56.86,2022-10-22,6.0,190.0,2022,10,22,Saturday,1,0,0,0,0,0,0,1,0,0.5796109918366227,31.666666666666668,0.5686
100106,0.3800475059382423,0,0,Salaried,-0.10655427371408717,0.6890016234874672,0.3441016333938292,1,75.62,2015-06-14,11.0,272.0,2015,6,14,Sunday,1,0,0,0,0,0,1,0,0,-6.466203554971786,45.333333333333336,0.7562000000000001
100107,0.5225653206650832,0,0,Salaried,0.9518043985074829,2.0801513441141903,0.6852994555353901,1,22.14,2019-02-17,7.0,243.0,2019,2,17,Sunday,1,0,0,0,0,1,0,0,0,2.185481961814906,40.5,0.2214
100108,0.8551068883610452,0,0,Salaried,0.9942495624950737,1.6580016913813957,-0.24029038112522702,1,64.31,2012-03-05,1.0,147.0,2012,3,5,Monday,0,1,0,0,0,0,0,0,1,1.6675910696109668,24.5,0.6431
100109,-0.47505938242280293,0,1,Salaried,0.8124569674264693,-0.6438734698737187,-0.4653357531760437,0,43.12,2017-12-12,7.4,177.0,2017,12,12,Tuesday,0,0,1,0,0,0,0,0,1,-0.7925016286256317,29.5,0.43119999999999997
100110,-0.33254156769596205,0,2,Salaried,-0.08186684418512132,-0.48559439572969604,-0.12050816696914717,0,82.75,2020-06-22,3.0,186.0,2020,6,22,Monday,0,1,0,0,0,0,0,1,0,5.93151477332687,31.0,0.8275
100111,-0.5700712589073635,1,2,Salaried,0.4935817903873668,0.41953108501405306,0.027586206896551394,0,65.6,2011-03-20,6.6,289.0,2011,3,20,Sunday,0,0,1,0,0,0,0,1,0,0.8499727769227503,48.166666666666664,0.6559999999999999
100112,0.23752969121140147,0,2,Unemployed,0.31493472885233836,-0.04881116661812187,-0.8900181488203268,1,13.86,2024-06-29,11.0,213.0,2024,6,29,Saturday,0,1,0,0,1,0,0,0,0,-0.15498819960566393,35.5,0.1386
100113,0.09501187648456058,1,2,Unemployed,-0.8904541891613268,-0.6272497691665714,0.49509981851179663,1,70.54,2019-01-12,7.0,234.0,2019,1,12,Saturday,0,1,0,0,0,0,1,0,0,0.7044155407448257,39.0,0.7054
100114,0.7600950118764846,0,1,Salaried,-0.43456770674752987,-0.15166935711825225,0.5945553539019962,0,27.38,2012-06-14,4.0,193.0,2012,6,14,Thursday,1,0,0,0,0,0,0,1,0,0.34901202911142076,32.166666666666664,0.2738
100115,0.8551068883610452,0,1,Self-Employed,-0.18971496517294925,0.44604543770876953,0.4784029038112521,0,53.27,2014-04-08,5.0,185.0,2014,4,8,Tuesday,0,0,1,0,0,0,0,1,0,-2.3511346999017317,30.833333333333332,0.5327000000000001
100116,-0.14251781472684089,1,1,Salaried,0.8586907074669189,-0.4729325588804485,-0.6867513611615247,1,42.97,2013-02-22,3.0,166.0,2013,2,22,Friday,1,0,0,0,0,0,0,1,0,-0.550760075505613,27.666666666666668,0.42969999999999997
100117,0.0,0,2,Salaried,-0.3630196102163785,-0.5238102990778906,0.3114337568058075,0,46.64,2016-03-31,3.0,252.0,2016,3,31,Thursday,0,1,0,0,1,0,0,0,0,1.442925628082936,42.0,0.4664
100118,-0.9501187648456059,0,1,Salaried,-0.6037364543210686,-0.15115150387986082,-0.1713248638838477,0,44.88,2011-09-10,1.0,104.0,2011,9,10,Saturday,1,0,0,0,0,0,1,0,0,0.2503600748274148,17.333333333333332,0.44880000000000003
100119,0.5700712589073635,1,2,Self-Employed,0.6984356879545518,1.8183563988635005,-0.9081669691470056,0,13.81,2022-05-06,5.6,145.0,2022,5,6,Friday,1,0,0,0,0,0,1,0,0,2.6034700549004928,24.166666666666668,0.1381
100120,-1.0451306413301664,1,3,Salaried,-0.6682529385038004,-0.5601152123171047,0.4856624319419236,0,94.94,2024-08-17,2.0,190.0,2024,8,17,Saturday,1,0,0,0,0,0,0,1,0,0.8381784501706598,31.666666666666668,0.9494
100121,-0.8551068883610452,0,1,Salaried,-0.7176623078238566,-0.4658024644244044,0.20254083484573487,0,92.21,2010-05-01,7.0,230.0,2010,5,1,Saturday,0,0,1,0,0,0,0,0,1,0.6490552162852772,38.333333333333336,0.9220999999999999
100122,0.7125890736342043,1,1,Self-Employed,-0.9393116108418571,-0.6323626162897563,0.641742286751361,0,19.97,2015-04-21,1.0,38.0,2015,4,21,Tuesday,0,1,0,0,1,0,0,0,0,0.6732192054168286,6.333333333333333,0.1997
100123,0.7125890736342043,1,1,Salaried,-0.3310491237503949,-0.5314584316653619,0.8050816696914699,0,48.052,2020-11-22,2.0,293.0,2020,11,22,Sunday,1,0,0,0,0,0,1,0,0,1.6053763430773254,48.833333333333336,0.48052
100124,-0.9976247030878861,1,0,Salaried,-0.6068349582591817,-0.552781052221163,-0.055172413793103614,0,86.22,2018-12-30,6.0,120.0,2018,12,30,Sunday,0,1,0,0,0,0,0,1,0,0.9109248646566404,20.0,0.8622
100125,-1.0926365795724466,0,1,Salaried,0.4071143334928834,0.4151066348578562,0.3114337568058075,0,39.11,2013-09-10,9.0,224.0,2013,9,10,Tuesday,0,0,0,1,0,0,0,1,0,1.0196315892304797,37.333333333333336,0.3911
100126,0.19002375296912116,1,3,Salaried,0.13887961130247925,0.6054321336817325,0.979310344827586,0,28.87,2018-10-04,12.0,111.0,2018,10,4,Thursday,0,1,0,0,1,0,0,0,0,4.359402564593184,18.5,0.2887
100127,-1.0451306413301664,0,2,Self-Employed,0.6714020132354498,1.6453758122082272,-0.6758620689655174,1,30.67,2020-03-16,8.0,43.0,2020,3,16,Monday,0,0,1,0,0,0,0,1,0,2.450656655435468,7.166666666666667,0.30670000000000003
100128,-0.3800475059382423,1,2,Salaried,-0.4029061920322266,-0.30340691565028777,0.23520871143375663,0,91.16,2025-08-16,0.0,123.0,2025,8,16,Saturday,0,0,0,1,0,0,0,1,0,0.7530460480637629,20.5,0.9116
100129,0.4275534441805226,0,3,Salaried,0.45592979330752403,1.1531258299021894,-0.45444646098003644,1,194.92,2022-06-19,3.0,140.0,2022,6,19,Sunday,0,0,1,0,0,1,0,0,0,2.5291741115159097,23.333333333333332,1.9491999999999998
100130,-0.33254156769596205,1,2,Self-Employed,-0.6770232879813323,-0.138467158313193,0.8304900181488202,0,18.93,2020-11-30,6.0,63.0,2020,11,30,Monday,0,0,1,0,0,0,0,0,1,0.20452347913475466,10.5,0.1893
100131,0.6650831353919241,1,3,Salaried,-0.7309469925804023,-0.6172333577592443,0.6381125226860253,0,24.59,2016-08-27,1.0,35.0,2016,8,27,Saturday,1,0,0,0,0,0,1,0,0,0.8444297110796993,5.833333333333333,0.2459
100132,0.6650831353919241,1,1,Salaried,-0.9246356612513442,-0.3786936395808867,-0.7194192377495464,0,57.13,2011-04-25,4.0,229.0,2011,4,25,Monday,0,1,0,0,0,0,0,1,0,0.40955984659772515,38.166666666666664,0.5713
100133,0.7600950118764846,0,2,Salaried,0.5886117932213238,0.07391320823053835,0.6671506352087113,0,10.49,2022-02-28,8.0,281.0,2022,2,28,Monday,0,0,0,1,0,0,0,0,1,0.1255720817723172,46.833333333333336,0.10490000000000001
100134,0.8551068883610452,1,2,Unemployed,-0.11412847393389204,0.11756640417810993,0.27150635208711416,0,10.14,2017-01-13,5.4,133.0,2017,1,13,Friday,0,0,0,1,0,0,0,1,0,-1.0301233349199892,22.166666666666668,0.1014
100135,0.4275534441805226,0,1,Salaried,-0.13698655248891464,0.07691023752398414,-0.41451905626134317,0,47.91,2023-02-07,9.0,15.0,2023,2,7,Tuesday,0,1,0,0,0,0,1,0,0,-0.5614437047038463,2.5,0.47909999999999997
100136,0.04750593824228029,1,2,Salaried,0.2572475649686982,-0.008336658175701941,0.22068965517241362,0,19.17,2021-11-29,12.0,94.0,2021,11,29,Monday,1,0,0,0,1,0,0,0,0,-0.03240714125599728,15.666666666666666,0.1917
100137,0.06650831353919234,1,1,Salaried,-0.7505676528307922,-0.4578746771006416,0.4529945553539018,0,12.21,2021-05-23,9.0,228.0,2021,5,23,Sunday,0,0,1,0,0,0,0,1,0,0.6100378498510444,38.0,0.12210000000000001
100138,-0.19002375296912116,0,2,Self-Employed,0.6650870541752827,1.1857429309569227,0.9539019963702358,1,11.17,2014-03-03,5.0,169.0,2014,3,3,Monday,1,0,0,0,1,0,0,0,0,1.7828386878275064,28.166666666666668,0.1117
100139,0.4275534441805226,1,1,Unemployed,-0.3381332771830079,0.20979583682902586,-0.2911070780399276,1,65.77,2011-07-11,4.0,210.0,2011,7,11,Monday,1,0,0,0,0,1,0,0,0,-0.6204530904998092,35.0,0.6577
100140,0.23752969121140147,1,2,Salaried,0.4791246939379228,0.5229784090373482,0.2460980036297639,0,41.34,2015-04-11,5.0,64.0,2015,4,11,Saturday,0,1,0,0,0,0,0,0,1,1.0915288142195134,10.666666666666666,0.41340000000000005
100141,-0.7125890736342043,0,1,Self-Employed,0.545948468356949,1.2301681132091538,-0.38911070780399293,0,27.16,2022-10-11,10.0,282.0,2022,10,11,Tuesday,0,0,1,0,0,0,0,1,0,2.253267816487127,47.0,0.2716
100142,0.14251781472684089,1,3,Self-Employed,0.5074306794113558,1.1302319642103837,-0.13502722323049018,0,41.34400000000001,2023-05-03,7.0,231.0,2023,5,3,Wednesday,0,0,1,0,0,0,1,0,0,2.227362298080809,38.5,0.4134400000000001
100143,0.33254156769596205,0,1,Unemployed,0.9852286665974771,0.6949607581915156,0.04283121597096172,0,42.73,2011-11-03,7.0,253.0,2011,11,3,Thursday,0,0,1,0,0,0,0,0,1,0.7053801637660299,42.166666666666664,0.42729999999999996
100144,0.47505938242280293,1,2,Self-Employed,-0.7568062320648495,-0.5171394548066687,0.7833030852994554,0,55.87,2023-02-03,2.0,164.0,2023,2,3,Friday,0,0,1,0,0,0,0,0,1,0.6833181769601969,27.333333333333332,0.5587
100145,-0.807600950118765,0,1,Self-Employed,-0.48008581414578827,0.19283211782876253,-0.4580762250453722,0,89.12,2017-02-04,1.0,241.0,2017,2,4,Saturday,0,1,0,0,0,0,0,1,0,-0.4016617699314168,40.166666666666664,0.8912
100146,-0.4275534441805226,0,3,Salaried,-0.22545913513448146,-0.17725606929628607,0.4312159709618873,0,65.28,2014-08-01,4.0,265.0,2014,8,1,Friday,1,0,0,0,0,0,1,0,0,0.786200431357801,44.166666666666664,0.6528
100147,-0.4275534441805226,1,2,Self-Employed,0.5877116632720017,-0.32918135053160663,0.06098003629764049,0,26.48,2017-01-17,7.0,287.0,2017,1,17,Tuesday,0,1,0,0,1,0,0,0,0,-0.5601068876171964,47.833333333333336,0.2648
100148,0.9976247030878861,0,1,Salaried,-0.8786454651114608,-0.5561647716332957,-0.44718693284936495,0,16.78,2018-11-17,2.0,40.0,2018,11,17,Saturday,0,0,0,1,0,0,0,0,1,0.6329797326874534,6.666666666666667,0.1678
100149,0.47505938242280293,1,1,Salaried,-0.5508176245827484,-0.11894172218332963,0.6961887477313973,0,32.0,2024-06-23,8.0,141.0,2024,6,23,Sunday,1,0,0,0,1,0,0,0,0,0.21593666737412323,23.5,0.32
100150,0.7125890736342043,0,2,Salaried,-0.11324636060634577,-0.5942066986734869,0.5437386569872956,0,88.61,2017-02-03,10.0,255.0,2017,2,3,Friday,0,0,1,0,0,0,0,1,0,5.247026884501844,42.5,0.8861
100151,0.47505938242280293,0,3,Salaried,0.03835003378393942,0.548396145058177,-0.9299455535390201,0,5.84,2011-08-18,12.0,283.0,2011,8,18,Thursday,0,1,0,0,1,0,0,0,0,14.2997565047215,47.166666666666664,0.0584
100152,-0.9976247030878861,0,1,Salaried,0.5818215237280517,0.16342988865019883,-0.6177858439201453,0,94.86,2023-12-07,3.0,297.0,2023,12,7,Thursday,1,0,0,0,0,0,1,0,0,0.28089350769117877,49.5,0.9486
100153,-0.7125890736342043,1,2,Salaried,0.5625130125439066,0.4367431153616002,0.7760435571687838,0,11.59,2012-03-30,7.0,200.0,2012,3,30,Friday,1,0,0,0,0,1,0,0,0,0.7764142439771746,33.333333333333336,0.1159
100154,-0.9026128266033255,0,0,Salaried,0.5871527841144429,1.458883990096542,0.1698729582577131,0,50.53,2014-10-13,7.0,23.0,2014,10,13,Monday,0,0,0,1,0,0,0,0,1,2.484675249044188,3.8333333333333335,0.5053
100155,0.09501187648456058,2,1,Self-Employed,8.858831867254773,-0.40417188385743785,-0.828312159709619,0,88.99,2012-12-21,7.0,56.0,2012,12,21,Friday,0,0,0,1,0,0,1,0,0,-0.04562360928774292,9.333333333333334,0.8898999999999999
100156,-0.28503562945368177,1,1,Salaried,-0.1363382824867619,0.6876395808022289,0.2569872958257712,0,84.13,2011-07-18,10.0,84.0,2011,7,18,Monday,1,0,0,0,1,0,0,0,0,-5.043628013056398,14.0,0.8412999999999999
100157,0.9976247030878861,0,2,Self-Employed,-0.8792606395556816,-0.41858007562539173,-0.3346642468239566,0,30.65,2018-04-16,6.0,46.0,2018,4,16,Monday,1,0,0,0,0,0,1,0,0,0.4760591533324107,7.666666666666667,0.3065
100158,-0.807600950118765,1,1,Self-Employed,-0.16438359495616675,0.513536231990019,0.3005444646098002,0,80.04,2019-10-30,5.0,253.6,2019,10,30,Wednesday,1,0,0,0,0,0,1,0,0,-3.1240114448583176,42.266666666666666,0.8004000000000001
100159,0.7600950118764846,2,2,Self-Employed,-0.9236720027411003,-0.43174793255872973,0.5038112522686023,0,32.23,2025-10-12,10.0,152.0,2025,10,12,Sunday,1,0,0,0,0,1,0,0,0,0.4674255918523776,25.333333333333332,0.3223
100160,-1.0451306413301664,1,0,Salaried,0.5612215402691744,0.20446804753213274,0.42032667876588004,0,52.6,2024-09-01,10.0,56.0,2024,9,1,Sunday,0,0,0,1,0,0,0,1,0,0.36432679942053775,9.333333333333334,0.526
100161,0.7125890736342043,1,3,Salaried,0.5294486508806373,0.6685253869784614,0.9647912885662431,0,78.54,2024-12-24,12.0,33.0,2024,12,24,Tuesday,0,0,0,1,0,0,1,0,0,1.2626821994285875,5.5,0.7854000000000001
100162,0.8551068883610452,1,0,Salaried,0.02428482637118677,0.8265898405018819,-0.5669691470054448,1,88.86,2016-09-18,9.0,97.0,2016,9,18,Sunday,0,1,0,0,0,0,1,0,0,34.03729669990996,16.166666666666668,0.8886
100163,0.23752969121140147,1,2,Unemployed,-0.6295989864984611,-0.5581354741540608,-0.7303085299455537,0,89.5,2012-04-28,3.0,259.0,2012,4,28,Saturday,1,0,0,0,1,0,0,0,0,0.8864936032666645,43.166666666666664,0.895
100164,-0.8551068883610452,0,2,Self-Employed,0.09069279846006693,-0.1600376480807572,0.11179673321234103,0,28.8,2013-01-05,4.0,9.0,2013,1,5,Saturday,1,0,0,0,0,1,0,0,0,-1.7646125248988056,1.5,0.28800000000000003
100165,0.0,0,3,Self-Employed,-0.5543248307044948,-0.24360079525147577,0.3368421052631577,0,71.82,2012-05-26,1.0,231.0,2012,5,26,Saturday,0,1,0,0,0,0,1,0,0,0.4394549581007981,38.5,0.7182
100166,0.28503562945368177,0,2,Salaried,-0.4049319703344784,0.38352898637359023,0.7760435571687838,0,29.51,2013-06-27,11.0,133.0,2013,6,27,Thursday,0,0,1,0,1,0,0,0,0,-0.9471442476048283,22.166666666666668,0.29510000000000003
100167,0.6175771971496438,1,2,Salaried,0.35859861523845665,0.05825950623072742,-0.3274047186932851,0,23.96,2023-07-26,1.0,126.0,2023,7,26,Wednesday,1,0,0,0,0,1,0,0,0,0.16246439265245546,21.0,0.2396
100168,0.19002375296912116,0,2,Salaried,-0.4155693388382396,-0.49170296420093207,-0.16769509981851197,0,23.32,2017-09-09,0.0,207.0,2017,9,9,Saturday,0,1,0,0,0,0,0,0,1,1.1832031823510625,34.5,0.2332
100169,-0.23752969121140147,0,1,Unemployed,-0.47666835387596157,-0.06773016162888983,0.979310344827586,1,22.949999999999996,2024-03-23,0.0,259.0,2024,3,23,Saturday,1,0,0,0,0,1,0,0,0,0.14209074522810577,43.166666666666664,0.22949999999999995
100170,0.6650831353919241,0,1,Self-Employed,0.8154834670037608,0.35050414311831946,-0.8500907441016335,0,48.97,2021-05-03,12.0,185.0,2021,5,3,Monday,0,0,1,0,0,0,0,1,0,0.42981146436498263,30.833333333333332,0.48969999999999997
100171,-0.8551068883610452,1,2,Self-Employed,-0.18400480546791145,0.19954508555687078,0.8450090744101632,0,13.31,2011-02-21,12.0,75.0,2011,2,21,Monday,1,0,0,0,0,0,0,0,1,-1.0844558382561884,12.5,0.1331
100172,-0.23752969121140147,0,2,Self-Employed,0.3686505500367017,-0.03558164383788005,-0.7339382940108895,0,79.64,2019-07-02,7.0,22.0,2019,7,2,Tuesday,1,0,0,0,0,1,0,0,0,-0.0965186240311798,3.6666666666666665,0.7964
100173,0.23752969121140147,1,1,Self-Employed,-0.39815404622095524,0.09707258192973671,0.2787658802177857,0,5.32,2010-12-28,11.0,217.0,2010,12,28,Tuesday,0,0,0,1,0,1,0,0,0,-0.24380659408360342,36.166666666666664,0.053200000000000004
100174,0.0,0,1,Salaried,-0.4910391569197278,-0.4287956168324394,-0.6431941923774956,1,40.053999999999995,2012-12-07,8.0,261.0,2012,12,7,Friday,0,1,0,0,1,0,0,0,0,0.8732411881819363,43.5,0.40053999999999995
100175,0.06650831353919234,1,2,Unemployed,0.44305937547444096,-0.24160999566158542,-0.41088929219600745,0,28.404000000000003,2015-11-16,7.0,156.0,2015,11,16,Monday,0,0,1,0,0,0,0,0,1,-0.5453219343408823,26.0,0.28404
100176,0.28503562945368177,0,2,Salaried,-0.23207232697372823,-0.07428523874312266,-0.1096188747731399,1,54.65,2019-11-29,2.0,120.0,2019,11,29,Friday,1,0,0,0,0,0,1,0,0,0.3200952035592427,20.0,0.5465
100177,-0.9501187648456059,1,2,Salaried,0.34297380206799544,-0.07000933808307207,-0.9735027223230491,0,55.48,2019-08-05,12.0,290.0,2019,8,5,Monday,0,0,0,1,1,0,0,0,0,-0.2041244481675966,48.333333333333336,0.5548
100178,-0.7125890736342043,0,2,Salaried,-0.21696011775592974,0.08178479771796492,-0.2802177858439203,0,11.77,2012-07-05,7.0,193.0,2012,7,5,Thursday,1,0,0,0,0,0,1,0,0,-0.37695774948817595,32.166666666666664,0.1177
100179,-0.9026128266033255,1,2,Salaried,0.9948050868334053,1.344842013754221,-0.5633393829401091,1,86.35,2025-07-01,5.0,60.0,2025,7,1,Tuesday,0,0,0,1,0,0,0,1,0,1.351864834180763,10.0,0.8634999999999999
100180,0.09501187648456058,1,2,Salaried,-0.16610654845958162,-0.3084517784080358,0.4892921960072594,0,8.24,2022-03-28,5.0,118.0,2022,3,28,Monday,1,0,0,0,0,0,0,1,0,1.8569513439928635,19.666666666666668,0.0824
100181,-0.9976247030878861,1,2,Salaried,-0.735099539893865,-0.1280584199612307,-0.4834845735027225,1,57.43,2018-04-13,10.0,214.0,2018,4,13,Friday,1,0,0,0,0,0,0,0,1,0.17420555042072264,35.666666666666664,0.5743
100182,-0.14251781472684089,1,2,Salaried,0.007748292262221535,0.1269714177252126,0.10816696914700528,0,43.68,2013-04-28,1.0,54.0,2013,4,28,Sunday,1,0,0,0,0,0,0,1,0,16.387019671971984,9.0,0.4368
100183,0.0,1,3,Salaried,0.5987773214885879,1.0868266760609477,-0.9045372050816699,0,32.74,2010-12-09,11.0,281.0,2010,12,9,Thursday,0,1,0,0,0,0,1,0,0,1.8150765519292662,46.833333333333336,0.3274
100184,0.8551068883610452,0,2,Salaried,-0.6906831178540561,-0.24685090934806392,0.4094373865698728,0,85.9,2010-11-23,1.0,255.0,2010,11,23,Tuesday,0,0,1,0,0,1,0,0,0,0.35740110474254333,42.5,0.8590000000000001
100185,-0.9976247030878861,0,1,Salaried,8.858831867254773,-0.10131348957302662,-0.24754990925589854,0,66.39,2014-09-17,3.0,232.0,2014,9,17,Wednesday,0,1,0,0,0,0,0,0,1,-0.01143643892232738,38.666666666666664,0.6639
100186,0.33254156769596205,0,2,Salaried,0.11311499902067913,1.0845166224697615,0.7724137931034482,0,14.25,2024-12-16,5.0,283.0,2024,12,16,Monday,0,1,0,0,0,0,1,0,0,9.587734888027498,47.166666666666664,0.1425
100187,-0.5700712589073635,1,2,Self-Employed,0.7447625907924305,1.1146016133971306,-0.022504537205081835,0,84.57,2022-07-23,1.0,237.0,2022,7,23,Saturday,1,0,0,0,0,1,0,0,0,1.4965864655086796,39.5,0.8456999999999999
100188,-0.3800475059382423,1,1,Unemployed,-0.4289736610635231,-0.3664169510031828,-0.23303085299455553,0,92.65,2019-02-12,0.0,175.0,2019,2,12,Tuesday,1,0,0,0,1,0,0,0,0,0.8541712097072627,29.166666666666668,0.9265000000000001
100189,-0.14251781472684089,1,1,Salaried,0.0766783961456856,0.8614536652635745,0.4638838475499091,0,88.32,2013-06-20,12.0,288.0,2013,6,20,Thursday,1,0,0,0,0,1,0,0,0,11.23463333305577,48.0,0.8832
100190,-0.23752969121140147,1,1,Salaried,-0.5137456562218888,-0.22972662280431763,-0.25480943738657,0,82.81,2015-04-24,2.0,8.0,2015,4,24,Friday,0,1,0,0,0,0,1,0,0,0.4471602241734532,1.3333333333333333,0.8281000000000001
100191,0.5700712589073635,0,1,Self-Employed,-0.5490827570334855,-0.615187532394089,0.9684210526315787,0,84.33,2013-12-21,12.0,94.0,2013,12,21,Saturday,0,0,1,0,0,1,0,0,0,1.1203912789353392,15.666666666666666,0.8432999999999999
100192,-0.9501187648456059,1,2,Salaried,0.5452653632609686,-0.6438734698737187,-0.41814882032667894,0,21.14,2010-07-23,12.0,180.0,2010,7,23,Friday,1,0,0,0,1,0,0,0,0,-1.1808442517291446,30.0,0.2114
100193,0.33254156769596205,0,1,Self-Employed,0.8277060763442147,-0.4150991507093142,-0.1422867513611617,0,75.41,2017-06-14,2.0,220.0,2017,6,14,Wednesday,1,0,0,0,0,0,0,1,0,-0.5015055012556034,36.666666666666664,0.7541
100194,-0.5700712589073635,1,3,Salaried,0.6800032194726843,1.3244736824287624,-0.3128856624319421,0,77.2,2019-03-27,8.0,60.0,2019,3,27,Wednesday,0,0,1,0,0,0,1,0,0,1.9477461936957292,10.0,0.772
100195,-0.9976247030878861,1,3,Salaried,-0.10625063949854756,0.2704093047275644,0.9430127041742286,0,29.01,2015-07-26,10.0,271.0,2015,7,26,Sunday,0,1,0,0,0,1,0,0,0,-2.5450134324251374,45.166666666666664,0.2901
100196,0.4275534441805226,1,2,Salaried,0.4636308695954366,0.7824519016392443,-0.3128856624319421,1,14.73,2025-09-23,6.0,223.0,2025,9,23,Tuesday,0,0,1,0,0,0,1,0,0,1.6876613550819217,37.166666666666664,0.14730000000000001
100197,-0.23752969121140147,0,1,Self-Employed,-0.18354051978730407,1.5634298922676713,0.9103448275862067,0,82.27,2010-11-14,1.0,169.0,2010,11,14,Sunday,0,0,1,0,1,0,0,0,0,-8.518172957554288,28.166666666666668,0.8227
100198,0.9026128266033255,1,2,Unemployed,-1.0121841598282917,-0.5829818746161423,0.656261343012704,0,22.96,2014-12-28,8.0,171.0,2014,12,28,Sunday,0,0,1,0,0,0,1,0,0,0.5759642343296897,28.5,0.2296
100199,0.05700712589073648,0,1,Salaried,-0.5552176475029089,0.09927514031758586,0.7252268602540833,0,36.47,2020-04-28,6.0,55.0,2020,4,28,Tuesday,0,1,0,0,1,0,0,0,0,-0.17880400733671875,9.166666666666666,0.36469999999999997
100200,0.9501187648456059,0,2,Self-Employed,0.8950340232919197,0.3740235067740477,-0.18221415607985497,1,25.06,2015-02-08,8.0,115.0,2015,2,8,Sunday,1,0,0,0,0,1,0,0,0,0.41788747359390394,19.166666666666668,0.2506
100201,0.33254156769596205,1,1,Salaried,-0.07231967832786226,0.14490447464117953,-0.19310344827586223,0,22.38,2024-10-20,6.0,217.0,2024,10,20,Sunday,1,0,0,0,0,0,0,0,1,-2.0036659176531884,36.166666666666664,0.2238
100202,-0.8551068883610452,0,0,Salaried,-0.9146122512917135,-0.46667688790204337,0.8740471869328492,0,30.07,2017-05-13,2.0,247.0,2017,5,13,Saturday,1,0,0,0,0,0,0,0,1,0.5102456119989124,41.166666666666664,0.3007
100203,-0.6650831353919241,1,1,Salaried,0.15895114860678777,-0.4937055004791916,0.459528130671506,0,92.02,2011-07-23,11.0,195.0,2011,7,23,Saturday,0,0,0,1,0,0,0,1,0,-3.1060203389943206,32.5,0.9201999999999999
100204,0.28503562945368177,1,2,Salaried,-0.08971811697236218,0.3030192222859099,-0.9226860254083487,1,36.6,2016-04-05,5.0,67.0,2016,4,5,Tuesday,0,0,0,1,0,0,0,1,0,-3.377458561454823,11.166666666666666,0.366
100205,-0.47505938242280293,0,1,Self-Employed,0.07250395375541462,-0.5562695577517147,-0.7484573502722325,0,40.97,2021-06-05,11.0,31.0,2021,6,5,Saturday,0,1,0,0,1,0,0,0,0,-7.672265151611437,5.166666666666667,0.4097
100206,-0.9976247030878861,1,2,Self-Employed,-0.09107329531167911,1.2237896732548765,0.5582577132486387,0,34.8,2022-01-10,3.0,84.0,2022,1,10,Monday,0,0,1,0,1,0,0,0,0,-13.437415095903964,14.0,0.348
100207,0.23752969121140147,0,1,Salaried,0.3208842611218664,0.43567553493318484,0.28965517241379296,0,15.38,2010-08-15,5.0,63.0,2010,8,15,Sunday,0,0,0,1,0,0,0,0,1,1.3577341980251336,10.5,0.15380000000000002
100208,0.09501187648456058,0,2,Self-Employed,0.9729791920776565,0.6911353212776656,0.5727767695099817,0,21.07,2015-11-10,10.0,290.0,2015,11,10,Tuesday,0,0,1,0,0,1,0,0,0,0.7103289843247789,48.333333333333336,0.2107
100209,-0.3800475059382423,1,1,Unemployed,0.4510804109897622,-0.40931203083932244,0.5546279491833029,0,8.44,2015-12-15,4.0,19.0,2015,12,15,Tuesday,0,0,1,0,0,0,0,1,0,-0.9074036931490963,3.1666666666666665,0.08439999999999999
100210,-0.3800475059382423,1,2,Salaried,0.34195052895259487,1.1358610166122916,-0.0950998185117969,0,44.11,2023-05-20,0.0,97.0,2023,5,20,Saturday,0,1,0,0,1,0,0,0,0,3.3217115355588693,16.166666666666668,0.4411
100211,-0.22802850356294527,1,2,Self-Employed,-0.7532295953853928,-0.09296972507368212,-0.13502722323049018,0,75.78,2026-05-05,10.0,20.0,2026,5,5,Tuesday,0,0,1,0,0,0,0,0,1,0.12342813617953209,3.3333333333333335,0.7578
100212,-0.14251781472684089,0,1,Salaried,-0.15240147290320585,0.8713850017578807,0.5328493647912884,0,59.56,2019-10-15,2.0,194.0,2019,10,15,Tuesday,1,0,0,0,0,0,0,1,0,-5.717694095458776,32.333333333333336,0.5956
100213,0.5700712589073635,0,2,Salaried,-0.021270432543698994,0.8618912910020178,0.41306715063520855,0,15.41,2021-06-21,0.0,84.0,2021,6,21,Monday,0,0,1,0,0,0,1,0,0,-40.52062830557428,14.0,0.15410000000000001
100214,0.9976247030878861,1,1,Salaried,0.06584245429433237,-0.2529078926622693,-0.16769509981851197,0,22.11,2022-12-07,10.0,222.0,2022,12,7,Wednesday,0,0,1,0,0,1,0,0,0,-3.841106704979545,37.0,0.2211
100215,0.28503562945368177,0,3,Salaried,-0.7656720252618775,-0.5240946002565636,-0.24754990925589854,0,36.83200000000001,2010-12-30,1.0,181.0,2010,12,30,Thursday,0,0,0,1,0,0,0,1,0,0.6844896809143721,30.166666666666668,0.3683200000000001
100216,0.23752969121140147,0,2,Self-Employed,-0.9356585854611076,4.9379936022306845,-0.8573502722323051,0,51.79,2010-01-14,5.6,162.0,2010,1,14,Thursday,0,1,0,0,0,1,0,0,0,-5.277559228291762,27.0,0.5179
100217,0.6650831353919241,0,2,Self-Employed,-0.35618703272507446,0.40254204370669194,-0.948094373865699,1,66.82,2022-01-28,0.0,109.0,2022,1,28,Friday,0,0,1,0,0,1,0,0,0,-1.1301423317602832,18.166666666666668,0.6681999999999999
100218,-0.7600950118764846,0,3,Self-Employed,0.4073147173778362,0.1928879635644477,-0.11324863883847566,0,22.73,2025-01-15,8.0,66.0,2025,1,15,Wednesday,0,0,0,1,0,0,1,0,0,0.4735600147379884,11.0,0.2273
100219,0.04750593824228029,1,1,Salaried,0.7759726249413614,-0.10885416393576819,0.7397459165154263,0,11.3,2019-09-04,6.0,277.0,2019,9,4,Wednesday,1,0,0,0,0,0,1,0,0,-0.14028093316306625,46.166666666666664,0.113
100220,-0.47505938242280293,1,0,Self-Employed,0.4844954488892903,-0.6216445518886459,0.5473684210526314,0,87.87,2024-11-24,1.0,208.0,2024,11,24,Sunday,0,0,0,1,0,1,0,0,0,-1.2830761430551536,34.666666666666664,0.8787
100221,-0.09501187648456058,1,2,Self-Employed,0.36835357753362763,-0.11963464501028472,0.8123411978221414,0,33.25,2023-12-23,5.0,299.0,2023,12,23,Saturday,0,0,1,0,1,0,0,0,0,-0.32478209065137437,49.833333333333336,0.3325
100222,0.28503562945368177,1,1,Self-Employed,-0.03631063740067614,0.756559271874986,-0.78475499092559,0,69.78,2012-10-17,6.0,15.0,2012,10,17,Wednesday,1,0,0,0,0,0,0,1,0,-20.835747484314282,2.5,0.6978
100223,0.9026128266033255,1,1,Self-Employed,-0.5652435070130865,-0.07523356316334895,0.4784029038112521,1,50.64,2016-09-26,11.0,190.0,2016,9,26,Monday,0,1,0,0,1,0,0,0,0,0.13309938500825122,31.666666666666668,0.5064
100224,0.0,1,2,Salaried,0.049308367960877494,0.0270291431397731,-0.9408348457350274,0,41.76,2024-12-16,8.0,45.0,2024,12,16,Monday,0,0,0,1,0,0,1,0,0,0.5481654383941222,7.5,0.41759999999999997
100225,0.5225653206650832,0,2,Self-Employed,-0.15520616745351623,0.6399589868659885,-0.33829401088929234,1,67.75,2019-01-10,2.0,44.0,2019,1,10,Thursday,0,1,0,0,0,0,0,1,0,-4.123283226213638,7.333333333333333,0.6775
100226,0.47505938242280293,1,2,Salaried,-0.3119654120800228,0.2706618203817091,-0.712159709618875,1,16.46,2022-06-08,5.0,184.0,2022,6,8,Wednesday,0,0,1,0,1,0,0,0,0,-0.8676020158038582,30.666666666666668,0.1646
100227,0.28503562945368177,0,1,Self-Employed,-0.8757810352535031,-0.2591166490425084,-0.886388384754991,1,64.84,2019-06-07,2.0,136.0,2019,6,7,Friday,0,0,1,0,1,0,0,0,0,0.2958692168613866,22.666666666666668,0.6484000000000001
100228,0.04750593824228029,0,2,Self-Employed,-0.8715204592108508,-0.31310976454629535,0.22794918330308514,0,65.96,2018-07-03,2.0,257.0,2018,7,3,Tuesday,0,1,0,0,0,0,0,1,0,0.35926840412881617,42.833333333333336,0.6596
100229,0.47505938242280293,0,1,Self-Employed,0.7857373321876214,0.6065870238172557,-0.8319419237749548,0,60.4,2013-11-26,9.0,170.0,2013,11,26,Tuesday,0,0,1,0,0,0,1,0,0,0.7719972043690708,28.333333333333332,0.604
100230,0.5225653206650832,0,1,Self-Employed,-1.0095340123920853,-0.6124366294945717,0.25117967332123387,0,41.55,2016-10-01,7.0,160.0,2016,10,1,Saturday,0,1,0,0,1,0,0,0,0,0.6066527942366265,26.666666666666668,0.4155
100231,-0.9026128266033255,1,2,Self-Employed,0.35226906537720626,0.46128555167257623,0.4239564428312158,0,32.35,2010-01-04,12.2,236.0,2010,1,4,Monday,0,0,1,0,0,1,0,0,0,1.3094693715970664,39.333333333333336,0.3235
100232,0.9976247030878861,0,0,Salaried,0.6850920631067678,0.20118708041502364,0.4711433756805806,0,43.69,2014-09-18,10.0,51.0,2014,9,18,Thursday,1,0,0,0,0,0,1,0,0,0.29366429893039026,8.5,0.43689999999999996
100233,-1.0451306413301664,0,2,Salaried,8.858831867254773,0.5552209168012429,0.4094373865698728,0,59.6,2023-01-04,12.0,26.0,2023,1,4,Wednesday,0,0,0,1,0,0,0,0,1,0.06267428088950716,4.333333333333333,0.596
100234,-0.23752969121140147,0,0,Salaried,0.4235988057775446,0.7160096968599694,0.44210526315789456,0,46.85,2017-03-24,7.0,261.0,2017,3,24,Friday,0,1,0,0,0,0,0,1,0,1.6903015001321464,43.5,0.4685
100235,-0.8551068883610452,1,1,Self-Employed,-0.8312758702574695,-0.6177423763260482,0.3615245009074407,0,65.81,2019-12-02,5.0,48.0,2019,12,2,Monday,1,0,0,0,0,0,0,0,1,0.7431255957600647,8.0,0.6581
100236,0.6650831353919241,1,0,Salaried,0.18731832846797647,0.7905206417670237,0.4275862068965516,1,47.59,2021-06-19,7.0,273.0,2021,6,19,Saturday,0,1,0,0,1,0,0,0,0,4.220199102952007,45.5,0.47590000000000005
100237,0.04750593824228029,0,2,Salaried,-0.25783128576386777,-0.48571438327120126,0.11542649727767679,0,64.3,2013-10-22,6.0,178.0,2013,10,22,Tuesday,0,0,1,0,0,1,0,0,0,1.8838457940904734,29.666666666666668,0.643
100238,-0.9026128266033255,1,1,Salaried,-0.8833903421477398,-0.5594706832326031,-0.0878402903811254,0,51.39,2016-05-13,5.0,53.0,2016,5,13,Friday,1,0,0,0,1,0,0,0,0,0.6333221640983666,8.833333333333334,0.5139
100239,0.7125890736342043,0,1,Salaried,0.9118931259321371,0.28242542274581817,0.4094373865698728,0,60.73,2024-03-13,9.0,81.0,2024,3,13,Wednesday,0,0,0,1,0,0,1,0,0,0.30971329283475285,13.5,0.6073
100240,0.23752969121140147,1,1,Self-Employed,0.389861687481837,1.4210273950122931,-0.3455535390199639,0,78.66,2012-02-05,10.0,205.0,2012,2,5,Sunday,0,0,1,0,0,0,1,0,0,3.6449526604957723,34.166666666666664,0.7866
100241,-0.23752969121140147,0,3,Self-Employed,-0.37076108633794796,-0.3530340313137218,0.4566243194192376,0,65.55,2015-04-09,10.0,173.0,2015,4,9,Thursday,0,0,0,1,0,0,0,0,1,0.9521873905395023,28.833333333333332,0.6555
100242,-0.5225653206650832,0,2,Salaried,0.9205022932086491,0.6541962892357567,-0.22577132486388402,0,77.59,2015-01-15,10.0,274.0,2015,1,15,Thursday,0,0,1,0,0,0,1,0,0,0.7106949043607335,45.666666666666664,0.7759
100243,0.9976247030878861,1,2,Salaried,-0.32151790659723967,-0.3993935403916011,0.39999999999999974,0,7.2,2013-04-22,4.0,97.0,2013,4,22,Monday,0,0,0,1,1,0,0,0,0,1.2422124310852614,16.166666666666668,0.07200000000000001
100244,-0.9026128266033255,1,2,Salaried,0.8597423012917219,1.7423411159829734,0.5509981851179672,0,93.55,2015-06-29,2.0,84.0,2015,6,29,Monday,0,0,0,1,0,0,1,0,0,2.0265853074406004,14.0,0.9355
100245,0.9976247030878861,0,1,Salaried,0.3268582622713137,-0.3194254292954531,-0.8392014519056263,0,81.48,2023-09-17,10.4,274.0,2023,9,17,Sunday,0,1,0,0,1,0,0,0,0,-0.9772597672024247,45.666666666666664,0.8148000000000001
100246,-0.09501187648456058,0,1,Salaried,-0.5846650436545296,-0.06223002790600646,-0.18221415607985497,1,45.99,2011-08-20,2.0,197.0,2011,8,20,Saturday,0,0,0,1,1,0,0,0,0,0.10643705927248373,32.833333333333336,0.45990000000000003
100247,0.28503562945368177,0,1,Salaried,-0.8265031251461284,-0.46291700762767996,-0.6867513611615247,1,56.81,2024-02-16,7.0,229.0,2024,2,16,Friday,0,0,1,0,0,1,0,0,0,0.560091055367558,38.166666666666664,0.5681
100248,-0.04750593824228029,1,2,Salaried,-0.3246095837444808,4.9379936022306845,0.6780399274047185,0,67.67,2026-02-10,7.0,150.0,2026,2,10,Tuesday,0,0,0,1,0,0,1,0,0,-15.212100472417562,25.0,0.6767
100249,-0.9976247030878861,0,0,Salaried,-0.8165922880094556,-0.2718854103383299,-0.09872958257713266,0,40.97,2021-02-01,12.0,245.0,2021,2,1,Monday,0,1,0,0,0,0,0,0,1,0.3329512344539576,40.833333333333336,0.4097
100250,-0.6175771971496438,1,3,Salaried,8.858831867254773,-0.4165197080210175,0.6018148820326678,0,64.05,2013-04-23,7.0,241.0,2013,4,23,Tuesday,0,0,0,1,0,0,0,0,1,-0.047017452668970346,40.166666666666664,0.6405
100251,-0.5225653206650832,1,1,Self-Employed,-0.6180557103011532,-0.09199361846509717,-0.770235934664247,0,85.34,2010-02-15,2.0,107.0,2010,2,15,Monday,0,0,0,1,0,0,0,0,1,0.14884357013750824,17.833333333333332,0.8534
100252,-0.5700712589073635,1,2,Salaried,0.7344306084653606,0.7086818552825607,0.15898366606170583,0,46.75000000000001,2012-05-23,5.0,288.0,2012,5,23,Wednesday,0,0,1,0,0,0,0,0,1,0.9649405227859394,48.0,0.4675000000000001
100253,0.09501187648456058,0,1,Salaried,-0.6865332153451694,-0.21391450605906848,0.10090744101633377,0,20.83,2014-11-28,1.0,87.0,2014,11,28,Friday,1,0,0,0,0,0,0,0,1,0.3115865354766824,14.5,0.20829999999999999
100254,-0.8551068883610452,0,1,Salaried,-0.1702793560411179,-0.18042302172083402,0.8958257713248637,0,51.62,2025-08-10,3.0,235.0,2025,8,10,Sunday,1,0,0,0,0,0,0,0,1,1.0595707308011353,39.166666666666664,0.5162
100255,-0.7125890736342043,0,1,Self-Employed,0.38603316422966155,4.9379936022306845,-0.36007259528130686,0,55.17,2011-02-16,5.0,125.0,2011,2,16,Wednesday,0,0,0,1,1,0,0,0,0,12.791630512069007,20.833333333333332,0.5517
100256,-0.23752969121140147,1,2,Self-Employed,0.7403723571992741,1.814892886048113,0.7978221415607983,1,46.08,2012-09-21,1.0,176.0,2012,9,21,Friday,1,0,0,0,1,0,0,0,0,2.451324483417508,29.333333333333332,0.4608
100257,0.5700712589073635,0,1,Salaried,0.4204386281917864,0.30211933662557217,-0.3818511796733214,1,65.08,2020-06-03,11.0,76.0,2020,6,3,Wednesday,0,0,0,1,0,0,0,1,0,0.7185813014492047,12.666666666666666,0.6507999999999999
100258,-0.4275534441805226,1,1,Salaried,0.5658025459239419,0.6773441497259947,0.8377495462794917,0,58.59,2022-07-15,0.0,136.0,2022,7,15,Friday,1,0,0,0,0,0,0,1,0,1.1971387449660695,22.666666666666668,0.5859000000000001
100259,0.6175771971496438,1,2,Self-Employed,0.5231060988760857,0.35830844279501817,-0.19310344827586223,0,60.14,2019-12-05,6.0,61.0,2019,12,5,Thursday,1,0,0,0,0,0,0,1,0,0.6849632293809194,10.166666666666666,0.6014
100260,0.8551068883610452,0,3,Salaried,-0.5006269817659917,0.1282498726805452,-0.6794918330308531,1,85.28,2026-02-18,10.0,239.0,2026,2,18,Wednesday,1,0,0,0,0,0,0,1,0,-0.2561785068558152,39.833333333333336,0.8528
100261,-0.3800475059382423,1,3,Self-Employed,-0.16016052543746734,0.18884866971862227,-0.23666061705989128,0,79.75,2019-07-28,10.0,300.0,2019,7,28,Sunday,1,0,0,0,0,0,0,1,0,-1.1791211923337244,50.0,0.7975
100262,0.6175771971496438,1,2,Salaried,8.858831867254773,0.19506355168553083,-0.011615245009074576,0,45.13,2022-04-16,3.0,297.0,2022,4,16,Saturday,1,0,0,0,0,0,0,0,1,0.022019105296100204,49.5,0.45130000000000003
100263,0.9501187648456059,0,3,Self-Employed,0.8500091186959784,2.068331767393154,-0.534301270417423,0,48.128,2013-07-27,1.0,274.0,2013,7,27,Saturday,0,0,1,0,0,1,0,0,0,2.4333053868483634,45.666666666666664,0.48128
100264,-0.3800475059382423,1,2,Self-Employed,0.3506209793686938,0.3543605584584019,-0.004355716878403069,0,45.51,2020-08-24,7.0,27.0,2020,8,24,Monday,1,0,0,0,1,0,0,0,0,1.0106655885122486,4.5,0.4551
100265,0.23752969121140147,1,1,Self-Employed,0.3886495682195667,1.2020247081688014,0.6852994555353901,0,80.59,2015-07-19,12.0,39.0,2015,7,19,Sunday,0,1,0,0,0,0,1,0,0,3.0928239896814196,6.5,0.8059000000000001
100266,0.6650831353919241,1,2,Salaried,0.3257256468996184,0.0707655184448056,-0.770235934664247,0,73.92,2016-03-21,11.0,175.0,2016,3,21,Monday,0,1,0,0,1,0,0,0,0,0.21725497859434445,29.166666666666668,0.7392
100267,-0.47505938242280293,0,2,Salaried,-0.4578444986927687,-0.12714196145380943,-0.5197822141560801,0,48.61,2021-09-10,12.0,242.0,2021,9,10,Friday,0,0,1,0,1,0,0,0,0,0.27769682024535275,40.333333333333336,0.4861
100268,-0.09501187648456058,0,0,Self-Employed,8.858831867254773,-0.6171587735163067,-0.41814882032667894,0,29.71,2015-05-14,6.6,239.0,2015,5,14,Thursday,0,1,0,0,0,0,0,1,0,-0.06966593144154067,39.833333333333336,0.29710000000000003
100269,0.19002375296912116,1,3,Salaried,0.7587001783967283,1.6412172623542125,-0.6577132486388386,0,69.22,2011-09-27,0.0,166.0,2011,9,27,Tuesday,0,0,1,0,0,0,1,0,0,2.163196093906823,27.666666666666668,0.6922
100270,-0.8551068883610452,1,0,Self-Employed,0.4530661888415984,1.0092654623126869,0.5909255898366604,0,29.45,2015-04-05,4.0,23.0,2015,4,5,Sunday,0,0,1,0,0,0,0,1,0,2.227633593434066,3.8333333333333335,0.2945
100271,-1.0926365795724466,1,1,Salaried,0.35833862562353014,-0.6388390897472265,0.27150635208711416,0,85.37,2017-03-04,10.0,174.0,2017,3,4,Saturday,0,1,0,0,1,0,0,0,0,-1.7827804318767175,29.0,0.8537
100272,0.9976247030878861,1,1,Salaried,0.617724665970002,-0.4072102793502055,0.362250453720508,0,17.45,2011-10-23,7.0,202.0,2011,10,23,Sunday,0,1,0,0,0,1,0,0,0,-0.6592100037170614,33.666666666666664,0.1745
100273,0.04750593824228029,0,2,Self-Employed,-0.9009122878408271,-0.4507233199454632,-0.39274047186932864,0,39.47,2015-03-10,12.0,270.0,2015,3,10,Tuesday,0,0,1,0,0,1,0,0,0,0.5002965616394133,45.0,0.3947
100274,0.807600950118765,0,2,Salaried,-0.5944586751226453,0.04531803876167138,-0.4834845735027225,0,68.58,2013-06-05,2.0,284.0,2013,6,5,Wednesday,0,0,0,1,0,0,0,0,1,-0.07623412805326059,47.333333333333336,0.6858
100275,0.04750593824228029,1,1,Salaried,-0.47148652494811205,-0.5779703488766592,0.05372050816696898,0,42.34,2011-06-11,7.0,223.0,2011,6,11,Saturday,0,0,0,1,0,0,0,1,0,1.2258470142710143,37.166666666666664,0.42340000000000005
100276,0.9026128266033255,0,2,Salaried,0.49806713931824287,0.0124241367544619,-0.8029038112522687,0,53.84,2017-06-03,5.0,227.0,2017,6,3,Saturday,0,0,1,0,0,1,0,0,0,0.024944702779364503,37.833333333333336,0.5384
100277,0.3800475059382423,1,2,Salaried,0.04598965475371174,0.9596885330502724,-0.025408348457350273,0,10.6,2019-04-30,10.0,212.0,2019,4,30,Tuesday,0,0,1,0,0,1,0,0,0,20.867487224891978,35.333333333333336,0.106
100278,0.02850356294536824,0,1,Self-Employed,0.5287104220221694,1.5472010426970413,-0.7339382940108895,1,40.05,2019-06-04,11.8,229.0,2019,6,4,Tuesday,0,0,0,1,0,0,0,1,0,2.926367588479588,38.166666666666664,0.40049999999999997
100279,-1.0926365795724466,1,3,Unemployed,-0.22232720725666025,-0.288522833324276,0.8595281306715062,0,90.15,2023-02-06,5.0,190.0,2023,2,6,Monday,0,1,0,0,1,0,0,0,0,1.2977396553683949,31.666666666666668,0.9015000000000001
100280,0.9976247030878861,1,1,Salaried,0.011023403469652986,-0.3315615348552122,-0.4254083484573504,0,82.11,2010-06-10,5.0,195.0,2010,6,10,Thursday,0,0,1,0,1,0,0,0,0,-30.077964193906958,32.5,0.8210999999999999
100281,-0.05700712589073648,0,1,Salaried,0.9213740225719207,0.020556214805296524,-0.0950998185117969,1,39.23,2022-11-30,5.0,147.0,2022,11,30,Wednesday,0,1,0,0,1,0,0,0,0,0.02231039111338951,24.5,0.3923
100282,-0.7600950118764846,1,1,Self-Employed,0.4832719693925997,-0.389537784954861,-0.49437386569872976,0,89.85,2010-02-18,6.0,292.0,2010,2,18,Thursday,0,1,0,0,0,1,0,0,0,-0.8060425798012898,48.666666666666664,0.8985
100283,0.3800475059382423,0,1,Salaried,0.5665927656052484,-0.023310421662978118,-0.5669691470054448,0,72.81,2016-09-12,9.0,151.0,2016,9,12,Monday,1,0,0,0,0,0,0,1,0,-0.041141403628896234,25.166666666666668,0.7281
100284,-0.09501187648456058,0,2,Salaried,0.965895890662625,1.1645652986966188,0.8413793103448274,0,53.44,2019-05-26,1.0,236.0,2019,5,26,Sunday,1,0,0,0,0,0,1,0,0,1.205684080400945,39.333333333333336,0.5344
100285,-0.9501187648456059,0,1,Salaried,-0.1599672239486609,-0.3914323276224692,-0.5742286751361163,1,76.99,2022-04-01,5.0,182.0,2022,4,1,Friday,0,0,1,0,0,0,0,0,1,2.446953306810485,30.333333333333332,0.7698999999999999
100286,-1.0926365795724466,1,1,Salaried,-0.2532036853976113,-0.4708054368512678,-0.8718693284936481,0,48.94,2014-12-12,2.0,94.0,2014,12,12,Friday,0,1,0,0,1,0,0,0,0,1.859394092593683,15.666666666666666,0.4894
100287,-0.4275534441805226,1,3,Salaried,0.6589882146997773,0.7635998539851461,-0.5597096188747733,0,44.23,2016-02-14,2.0,177.8,2016,2,14,Sunday,0,0,0,1,0,0,0,1,0,1.1587458424169663,29.633333333333336,0.44229999999999997
100288,-0.5700712589073635,1,3,Salaried,-0.08412602382864634,-0.2409092349776715,0.15172413793103431,0,40.0,2010-08-26,5.0,244.0,2010,8,26,Thursday,0,1,0,0,0,0,0,0,1,2.863670764570687,40.666666666666664,0.4
100289,0.28503562945368177,1,1,Self-Employed,0.48104368603662456,-0.11334604699382492,0.36588021778584373,0,66.12,2025-01-01,4.0,208.0,2025,1,1,Wednesday,0,0,1,0,1,0,0,0,0,-0.23562526706814574,34.666666666666664,0.6612
100290,-0.5225653206650832,0,1,Unemployed,-0.992542465393858,-0.5261496220405506,-0.9698729582577135,0,70.18,2019-01-26,9.0,42.0,2019,1,26,Saturday,0,0,1,0,0,0,0,1,0,0.5301028826325989,7.0,0.7018000000000001
100291,0.9026128266033255,1,1,Salaried,-0.551377497760819,-0.24330294864821225,-0.7811252268602542,0,38.824,2020-06-25,8.0,181.0,2020,6,25,Thursday,1,0,0,0,0,1,0,0,0,0.4412638340089718,30.166666666666668,0.38824
100292,-0.28503562945368177,1,3,Salaried,0.40129886973988016,0.13804712956847554,-0.6903811252268605,0,53.07,2023-12-16,12.0,71.0,2023,12,16,Saturday,0,0,1,0,0,0,0,0,1,0.34400079336868544,11.833333333333334,0.5307
100293,-0.7125890736342043,0,0,Salaried,-0.14612646459242903,0.6857064839172109,-0.12413793103448292,1,58.27,2018-11-02,2.0,160.0,2018,11,2,Friday,0,0,0,1,0,0,1,0,0,-4.692555081174105,26.666666666666668,0.5827
100294,0.09501187648456058,0,1,Salaried,-0.8879900921893007,-0.5799425546581949,-0.5996370235934666,1,7.44,2024-11-14,8.0,150.0,2024,11,14,Thursday,1,0,0,0,0,1,0,0,0,0.6530957493324863,25.0,0.07440000000000001
100295,0.23752969121140147,1,1,Salaried,0.5443814038953291,0.3956689184153109,0.7179673321234118,0,43.58,2024-06-01,2.0,160.0,2024,6,1,Saturday,0,0,0,1,0,0,0,1,0,0.726822987677566,26.666666666666668,0.43579999999999997
100296,-0.8551068883610452,1,2,Self-Employed,-0.9587339107490505,-0.4159992662801228,0.21343012704174213,1,21.36,2020-05-10,9.0,83.0,2020,5,10,Sunday,1,0,0,0,0,1,0,0,0,0.4339048213649877,13.833333333333334,0.21359999999999998
100297,-0.04750593824228029,1,2,Salaried,0.9980705595919456,-0.5665088697721236,0.5001814882032666,0,39.12,2015-11-02,9.0,179.4,2015,11,2,Monday,0,1,0,0,0,0,0,0,1,-0.5676040279193656,29.900000000000002,0.3912
100298,0.5700712589073635,1,1,Self-Employed,-0.7916972839221563,0.10995973425589232,-0.17858439201451923,1,45.92,2014-09-30,10.0,300.0,2014,9,30,Tuesday,0,0,0,1,1,0,0,0,0,-0.1388911348933011,50.0,0.4592
100299,0.0,0,2,Salaried,0.6317060969790153,-0.6047258422843955,-0.7629764065335755,1,73.51,2017-07-27,0.0,259.0,2017,7,27,Thursday,0,1,0,0,1,0,0,0,0,-0.9572898618144634,43.166666666666664,0.7351000000000001
100300,0.0380047505938241,1,1,Unemployed,-0.9375095137803027,0.5212032075895022,0.6054446460980034,0,30.04,2018-07-03,3.0,212.0,2018,7,3,Tuesday,1,0,0,0,1,0,0,0,0,-0.5559444463532578,35.333333333333336,0.3004
100301,0.3800475059382423,1,1,Salaried,-0.6564226033829869,0.8871404174361824,-0.4508166969147007,1,27.7,2019-06-16,7.0,242.0,2019,6,16,Sunday,0,0,0,1,0,0,0,0,1,-1.351477558609578,40.333333333333336,0.27699999999999997
100302,0.7600950118764846,1,2,Self-Employed,-0.05542965454958244,-0.5250785929550734,0.42032667876588004,0,47.33,2011-11-02,11.0,181.0,2011,11,2,Wednesday,1,0,0,0,0,1,0,0,0,9.472882290568577,30.166666666666668,0.4733
100303,0.8551068883610452,0,2,Self-Employed,0.5948474968960434,1.716862373299108,0.32958257713248623,0,9.69,2022-02-05,5.0,128.0,2022,2,5,Saturday,0,0,1,0,1,0,0,0,0,2.8862227415561432,21.333333333333332,0.0969
100304,-0.04750593824228029,0,1,Salaried,-0.38519223175188844,-0.42403307770176263,0.03920145190562597,1,25.18,2017-11-06,4.0,201.0,2017,11,6,Monday,1,0,0,0,1,0,0,0,0,1.100834966928649,33.5,0.2518
100305,0.47505938242280293,1,3,Salaried,0.310737060107788,-0.12124497492632386,-0.7956442831215973,0,75.31,2011-07-17,5.0,300.0,2011,7,17,Sunday,0,0,1,0,0,1,0,0,0,-0.3901851130478823,50.0,0.7531
100306,0.6175771971496438,0,1,Self-Employed,0.6985710522478151,-0.21061154470950866,0.17713248638838458,0,8.62,2024-08-14,7.0,260.0,2024,8,14,Wednesday,0,0,0,1,0,0,1,0,0,-0.3014890812206102,43.333333333333336,0.0862
100307,0.6650831353919241,1,3,Salaried,0.11769043993561717,-0.3283325709141715,0.8268602540834844,0,90.47,2010-09-12,7.0,128.0,2010,9,12,Sunday,1,0,0,0,0,1,0,0,0,-2.7897981441295197,21.333333333333332,0.9047
100308,0.3800475059382423,1,1,Salaried,0.042205161285097784,-0.6438734698737187,-0.25480943738657,0,80.53,2014-06-22,10.0,129.4,2014,6,22,Sunday,0,1,0,0,0,0,1,0,0,-15.255799297254764,21.566666666666666,0.8053
100309,-0.5700712589073635,0,0,Salaried,0.4092250117970599,-0.35384227916214517,-0.5923774954627951,0,18.71,2023-12-08,2.0,140.0,2023,12,8,Friday,1,0,0,0,0,0,1,0,0,-0.8646643508134841,23.333333333333332,0.18710000000000002
100310,-0.9026128266033255,1,2,Salaried,-0.37752099382969523,0.3951382754021281,0.6199637023593465,0,47.62,2012-10-31,9.0,292.0,2012,10,31,Wednesday,0,0,0,1,1,0,0,0,0,-1.0466657003461382,48.666666666666664,0.47619999999999996
100311,0.8551068883610452,1,1,Salaried,-0.6807182397272389,-0.4533731185096253,0.09001814882032651,0,55.76,2012-07-26,12.0,286.0,2012,7,26,Thursday,1,0,0,0,0,0,0,1,0,0.6660216989209664,47.666666666666664,0.5576
100312,0.9976247030878861,0,3,Self-Employed,0.1266964077751708,-0.3368837452057161,0.17713248638838458,0,46.85,2014-11-21,1.0,206.0,2014,11,21,Friday,0,0,0,1,0,0,0,0,1,-2.6589841900137645,34.333333333333336,0.4685
100313,0.2185273159144894,0,3,Salaried,0.4929188852082149,-0.11981018085085224,0.1843920145190561,0,74.02,2015-10-01,2.0,106.0,2015,10,1,Thursday,0,1,0,0,0,0,0,1,0,-0.24306267105234355,17.666666666666668,0.7402
100314,0.9026128266033255,0,1,Salaried,-0.5279594572758944,-0.5988308172308565,-0.05154264972776786,0,59.53,2013-10-06,11.0,175.0,2013,10,6,Sunday,1,0,0,0,0,0,0,1,0,1.1342363679223328,29.166666666666668,0.5953
100315,-0.9501187648456059,1,3,Self-Employed,-0.1046004447465211,-0.06877360949669963,0.391288566243194,0,15.31,2026-02-10,2.0,172.0,2026,2,10,Tuesday,0,0,0,1,1,0,0,0,0,0.6574886910219085,28.666666666666668,0.1531
100316,0.6175771971496438,0,1,Salaried,0.6996861923839058,0.09177095097801714,0.18076225045372035,0,91.82,2013-09-03,4.0,177.0,2013,9,3,Tuesday,0,0,1,0,0,0,0,1,0,0.1311601571918172,29.5,0.9181999999999999
100317,-0.9026128266033255,1,1,Salaried,0.8975018212153155,2.091759354969132,0.2533575317604354,0,57.08,2012-06-04,7.0,13.0,2012,6,4,Monday,0,0,0,1,0,0,0,0,1,2.3306463625184195,2.1666666666666665,0.5708
100318,0.33254156769596205,0,3,Salaried,0.7902650956187269,-0.2393169441908792,-0.6286751361161527,0,56.82,2016-12-30,12.0,18.0,2016,12,30,Friday,0,0,0,1,0,1,0,0,0,-0.30283122146943536,3.0,0.5682
100319,0.14251781472684089,0,2,Salaried,-0.8442797353442575,-0.4832354419499143,0.8196007259528129,0,40.7,2018-06-02,9.0,300.0,2018,6,2,Saturday,1,0,0,0,0,0,1,0,0,0.5723641368140545,50.0,0.40700000000000003
100320,0.3515439429928741,1,2,Self-Employed,-0.05275811792200681,-0.5106715025065075,-0.23666061705989128,1,22.85,2026-01-14,11.0,199.0,2026,1,14,Wednesday,1,0,0,0,0,0,1,0,0,9.679486733424447,33.166666666666664,0.2285
100321,-0.8551068883610452,1,1,Salaried,-0.034703581363823725,0.3632308420523447,-0.6649727767695102,0,67.16,2023-04-13,6.6,102.0,2023,4,13,Thursday,0,1,0,0,1,0,0,0,0,-10.466667351831004,17.0,0.6716
100322,-0.5700712589073635,1,1,Salaried,-0.2130162224480339,-0.23335082374560284,-0.16406533575317622,0,26.86,2024-01-26,11.0,109.0,2024,1,26,Friday,0,0,0,1,0,0,0,0,1,1.0954603413011403,18.166666666666668,0.2686
100323,-0.9501187648456059,1,0,Salaried,0.07309181038592792,0.9838631286856353,-0.16043557168784045,0,74.52,2025-08-21,11.0,36.0,2025,8,21,Thursday,0,1,0,0,1,0,0,0,0,13.46064796439978,6.0,0.7452
100324,0.47505938242280293,1,2,Salaried,-0.42642550723197065,-0.2582517194203243,-0.8754990925589838,0,59.04,2025-05-07,7.0,274.0,2025,5,7,Wednesday,0,0,0,1,0,0,0,0,1,0.6056197742407522,45.666666666666664,0.5904
100325,0.6175771971496438,0,1,Self-Employed,-0.6858095417870524,-0.007987202298924662,-0.2185117967332125,0,76.66,2012-09-18,8.0,186.0,2012,9,18,Tuesday,0,0,1,0,0,1,0,0,0,0.011646385493721712,31.0,0.7666
100326,-0.9976247030878861,1,1,Self-Employed,-0.737287095034407,-0.30674506294847204,0.1843920145190561,0,75.44,2022-09-11,4.0,252.0,2022,9,11,Sunday,0,0,0,1,0,0,0,1,0,0.41604561508588067,42.0,0.7544
100327,-0.8551068883610452,1,2,Self-Employed,0.0282853417974477,0.8374573306313521,-0.9589836660617062,0,52.95,2017-10-15,4.0,152.0,2017,10,15,Sunday,0,0,0,1,0,0,0,0,1,29.60746723968947,25.333333333333332,0.5295000000000001
100328,0.6650831353919241,0,1,Salaried,0.12486627401007455,0.3684754375218868,-0.6323049001814883,0,38.35,2024-11-02,8.0,145.0,2024,11,2,Saturday,0,0,0,1,0,0,0,0,1,2.950960461046168,24.166666666666668,0.3835
100329,0.6080760095011876,0,3,Salaried,0.3064609436194561,0.4908356711634187,0.7542649727767693,1,63.28,2021-05-07,6.0,181.0,2021,5,7,Friday,1,0,0,0,0,0,1,0,0,1.6016255297213584,30.166666666666668,0.6328
100330,0.09501187648456058,1,0,Self-Employed,-0.3592143044432993,-0.3958095978991875,0.7615245009074408,0,81.46,2010-04-14,11.0,45.0,2010,4,14,Wednesday,0,0,0,1,0,0,1,0,0,1.1018759359057335,7.5,0.8146
100331,-1.0451306413301664,1,1,Self-Employed,0.7253671915653368,1.1072476375910316,-0.1568058076225047,1,14.5,2020-12-29,3.0,280.0,2020,12,29,Tuesday,1,0,0,0,1,0,0,0,0,1.5264650103647504,46.666666666666664,0.145
100332,-0.14251781472684089,1,2,Salaried,-0.13226144936067333,0.7710697255694766,0.5074410163339381,0,62.2,2018-02-15,11.0,127.0,2018,2,15,Thursday,0,0,0,1,0,0,0,0,1,-5.829890185663932,21.166666666666668,0.622
100333,0.0,0,0,Self-Employed,-0.21118754776304605,0.36068301601692393,0.9430127041742286,0,68.66,2020-04-24,0.0,56.0,2020,4,24,Friday,0,0,1,0,0,0,0,1,0,-1.7078801275803102,9.333333333333334,0.6866
100334,-0.5700712589073635,1,2,Salaried,-0.1019274934147528,0.6764627646236108,-0.2656987295825773,1,20.85,2019-10-08,0.0,286.0,2019,10,8,Tuesday,0,0,1,0,1,0,0,0,0,-6.636705583164089,47.666666666666664,0.20850000000000002
100335,0.4275534441805226,1,2,Salaried,-0.0353420354134229,0.03074349149432648,0.3535390199637023,0,91.89,2021-09-14,7.0,249.0,2021,9,14,Tuesday,0,1,0,0,0,0,1,0,0,-0.8698845761059394,41.5,0.9189
100336,-0.04750593824228029,1,2,Self-Employed,0.23435940309290143,-0.28150161674992485,-0.4000000000000002,0,60.43,2016-01-22,0.0,50.0,2016,1,22,Friday,1,0,0,0,0,1,0,0,0,-1.2011534977256106,8.333333333333334,0.6043
100337,-0.4275534441805226,0,1,Salaried,-1.0004860383107264,-0.47637525113222223,0.979310344827586,0,74.72,2022-01-26,0.0,94.0,2022,1,26,Wednesday,0,0,1,0,0,1,0,0,0,0.4761438269908888,15.666666666666666,0.7472
100338,0.8551068883610452,1,1,Self-Employed,0.8999126049622146,1.3481611331473577,0.01742286751361145,1,44.2,2020-06-05,6.0,258.0,2020,6,5,Friday,0,1,0,0,1,0,0,0,0,1.498102288726097,43.0,0.442
100339,-0.04750593824228029,1,2,Self-Employed,0.3791093143549376,0.32793186751112485,-0.6250453720508169,1,58.32,2026-05-25,0.0,9.0,2026,5,25,Monday,0,0,1,0,0,0,1,0,0,0.8650060947964514,1.5,0.5832
100340,0.5700712589073635,0,1,Salaried,-0.9103314842074158,-0.3068455402552706,0.20254083484573487,0,81.65,2017-03-25,7.0,283.0,2017,3,25,Saturday,1,0,0,0,0,0,1,0,0,0.33707011740061593,47.166666666666664,0.8165
100341,0.8551068883610452,0,1,Salaried,-0.5469825070694994,-0.6099402117619733,0.49655172413793086,0,30.1,2011-12-11,4.0,103.0,2011,12,11,Sunday,1,0,0,0,0,1,0,0,0,1.115100033143244,17.166666666666668,0.301
100342,-1.0451306413301664,0,1,Salaried,-0.24230013240109136,-0.6135377639895986,-0.29836660617059907,0,26.95,2020-02-10,6.8,100.0,2020,2,10,Monday,1,0,0,0,0,1,0,0,0,2.5321396150703674,16.666666666666668,0.2695
100343,0.9501187648456059,0,3,Self-Employed,0.0028081523216619726,0.6912036432738637,-0.33103448275862085,1,56.29,2020-06-03,10.0,103.0,2020,6,3,Wednesday,0,0,0,1,1,0,0,0,0,246.14179150537774,17.166666666666668,0.5629
100344,-0.7125890736342043,0,3,Self-Employed,0.3057340394946761,-0.21194200284090967,-0.17495462794918346,0,39.11,2024-12-26,8.0,172.0,2024,12,26,Thursday,0,0,1,0,0,0,1,0,0,-0.6932234408416283,28.666666666666668,0.3911
100345,0.14251781472684089,0,1,Salaried,-0.0868718546142937,-0.4845107135294976,-0.8065335753176045,0,49.49,2010-08-24,6.2,132.0,2010,8,24,Tuesday,1,0,0,0,0,0,0,0,1,5.577303669648804,22.0,0.4949
100346,0.6650831353919241,0,2,Salaried,-0.795068593239651,-0.30960272951801027,0.9647912885662431,0,21.37,2017-04-16,4.0,173.0,2017,4,16,Sunday,0,1,0,0,0,0,0,1,0,0.38940379754717497,28.833333333333332,0.2137
100347,0.48456057007125913,1,1,Unemployed,0.7966313532374477,1.980743579218033,-0.47259528130671524,1,36.93,2014-10-04,11.0,125.0,2014,10,4,Saturday,0,0,1,0,0,1,0,0,0,2.4863992248967426,20.833333333333332,0.3693
100348,-0.8551068883610452,1,1,Salaried,-0.11097789042110907,-0.35632751488548214,0.23666061705989086,0,35.63,2015-10-18,8.0,164.0,2015,10,18,Sunday,0,0,1,0,0,1,0,0,0,3.210797335698005,27.333333333333332,0.3563
100349,0.3800475059382423,0,1,Salaried,-0.15760182788834365,-0.06689355279651697,0.7687840290381124,0,68.11,2023-05-16,3.0,117.0,2023,5,16,Tuesday,0,1,0,0,0,0,0,1,0,0.4244465542868521,19.5,0.6811
100350,0.5225653206650832,1,3,Self-Employed,0.516606953140198,0.5601207108752172,-0.9372050816696916,0,55.02,2016-03-13,5.0,217.0,2016,3,13,Sunday,1,0,0,0,0,1,0,0,0,1.0842299110968612,36.166666666666664,0.5502
100351,-0.4275534441805226,0,1,Salaried,-0.005383499714357811,-0.1729724111675531,-0.7629764065335755,0,90.33,2021-08-03,3.0,131.0,2021,8,3,Tuesday,1,0,0,0,0,0,1,0,0,32.13010501444537,21.833333333333332,0.9033
100352,-0.23752969121140147,1,1,Self-Employed,-0.766296571899495,-0.1091439266939468,0.8159709618874772,0,26.72,2011-12-03,8.0,190.0,2011,12,3,Saturday,1,0,0,0,0,1,0,0,0,0.14243039926878567,31.666666666666668,0.2672
100353,-0.6175771971496438,0,0,Salaried,0.9861340950311345,-0.03892390701582112,-0.9226860254083487,0,48.97,2019-02-12,8.0,108.0,2019,2,12,Tuesday,0,0,0,1,0,1,0,0,0,-0.03947121107762957,18.0,0.48969999999999997
100354,-0.7600950118764846,1,1,Self-Employed,0.546261132183816,0.7965195606291124,-0.8246823956442833,0,67.15,2015-05-23,1.0,110.0,2015,5,23,Saturday,0,1,0,0,0,0,0,1,0,1.4581296630877352,18.333333333333332,0.6715000000000001
100355,-0.9501187648456059,0,1,Salaried,-0.5213758109213233,-0.03777157322749084,-0.24029038112522702,0,69.07,2024-06-27,0.0,237.0,2024,6,27,Thursday,0,0,0,1,0,0,0,1,0,0.07244596399810856,39.5,0.6907
100356,-0.19002375296912116,1,2,Salaried,0.20525213590989513,-0.40149781607260016,-0.6141560798548096,0,76.36,2020-01-20,10.0,162.0,2020,1,20,Monday,0,1,0,0,0,0,0,0,1,-1.9561200388621345,27.0,0.7636
100357,-0.7600950118764846,1,2,Self-Employed,0.5600757718760645,1.2985383343343715,-0.25480943738657,1,31.48,2012-02-02,12.2,42.0,2012,2,2,Thursday,0,1,0,0,1,0,0,0,0,2.3185047444289673,7.0,0.3148
100358,-0.23752969121140147,1,3,Self-Employed,-0.05206721154004548,-0.301343871116306,-0.9553539019963704,0,67.26,2019-01-26,0.0,40.0,2019,1,26,Saturday,0,0,0,1,0,0,0,1,0,5.787593808140446,6.666666666666667,0.6726000000000001
100359,0.6175771971496438,0,3,Self-Employed,-0.8872472304852334,0.0961182910916286,-0.31578947368421073,0,64.76,2016-11-13,2.0,220.0,2016,11,13,Sunday,0,0,1,0,1,0,0,0,0,-0.1083331542653131,36.666666666666664,0.6476000000000001
100360,-0.23752969121140147,1,0,Salaried,-0.9605567491136049,-0.5746966086656075,0.15898366606170583,0,47.59,2018-04-12,6.0,197.0,2018,4,12,Thursday,0,1,0,0,0,0,0,1,0,0.5982953211207287,32.833333333333336,0.47590000000000005
100361,-0.807600950118765,0,0,Salaried,0.29083477254597456,-0.004967135333199289,0.6235934664246823,0,35.94,2021-11-28,5.0,65.0,2021,11,28,Sunday,0,1,0,0,0,0,1,0,0,-0.017078890841410975,10.833333333333334,0.3594
100362,-0.8551068883610452,1,1,Salaried,0.939662340329215,-0.0761564221853452,0.4275862068965516,0,34.77,2022-05-06,3.0,8.0,2022,5,6,Friday,1,0,0,0,1,0,0,0,0,-0.08104658334893303,1.3333333333333333,0.3477
100363,0.14251781472684089,0,1,Self-Employed,-0.9210192726265999,-0.3368435510674656,-0.41088929219600745,1,45.84,2025-10-06,6.0,277.0,2025,10,6,Monday,0,0,1,0,0,0,0,0,1,0.3657291015277472,46.166666666666664,0.45840000000000003
100364,0.33254156769596205,0,1,Salaried,-0.30340429504503513,-0.6241434375413328,-0.5197822141560801,0,27.63,2016-11-16,8.0,62.0,2016,11,16,Wednesday,0,0,0,1,1,0,0,0,0,2.057134482716171,10.333333333333334,0.2763
100365,-0.7600950118764846,0,0,Salaried,-0.3947454167583537,0.08583304681779257,0.9466424682395642,0,69.92,2012-09-15,0.0,128.0,2012,9,15,Saturday,0,0,0,1,0,0,0,0,1,-0.21743899529639352,21.333333333333332,0.6992
100366,0.6175771971496438,1,2,Self-Employed,0.23120570971594595,0.16702717559651165,-0.08058076225045388,0,15.76,2017-01-28,11.0,29.0,2017,1,28,Saturday,1,0,0,0,1,0,0,0,0,0.7224180397695084,4.833333333333333,0.1576
100367,-0.6650831353919241,0,0,Unemployed,-0.000789580668120376,0.08857807333429764,0.8377495462794917,0,90.58,2022-01-07,12.0,33.0,2022,1,7,Friday,0,1,0,0,0,0,0,1,0,-112.18369054698464,5.5,0.9057999999999999
100368,0.3800475059382423,1,3,Salaried,-0.5832125045561584,-0.14357209522997014,0.4929219600725951,0,21.66,2025-06-24,9.0,168.0,2025,6,24,Tuesday,1,0,0,0,0,0,0,1,0,0.24617458320656666,28.0,0.21660000000000001
100369,0.28503562945368177,1,0,Salaried,-0.3909905841517962,0.3823832926568989,-0.9372050816696916,1,71.47,2014-11-08,2.0,271.0,2014,11,8,Saturday,0,0,0,1,1,0,0,0,0,-0.9779859366343316,45.166666666666664,0.7147
100370,-0.9976247030878861,0,2,Self-Employed,0.9414358326755065,1.1724393223410576,0.8849364791288564,0,70.21,2016-03-15,11.0,94.0,2016,3,15,Tuesday,0,1,0,0,1,0,0,0,0,1.2453735896253837,15.666666666666666,0.7021
100371,0.15201900237529706,1,2,Self-Employed,-0.3582289549854593,0.19027073029109615,0.7542649727767693,0,58.71,2021-10-07,10.0,200.0,2021,10,7,Thursday,0,1,0,0,0,0,1,0,0,-0.5311428002764861,33.333333333333336,0.5871
100372,-0.14251781472684089,1,0,Salaried,0.26296060023307344,0.9013053092620099,0.935753176043557,0,79.94,2012-04-03,6.0,99.0,2012,4,3,Tuesday,0,0,1,0,0,0,0,1,0,3.4275298598464703,16.5,0.7994
100373,-0.9976247030878861,0,1,Self-Employed,0.24219681816918642,-0.4233218022312824,-0.27658802177858455,1,25.47,2016-08-23,11.0,78.0,2016,8,23,Tuesday,0,0,0,1,1,0,0,0,0,-1.7478421286920922,13.0,0.2547
100374,-0.47505938242280293,1,2,Salaried,-0.18836264464260383,0.5801403660901806,-0.5451905626134302,0,32.2,2014-01-09,8.0,276.0,2014,1,9,Thursday,0,0,1,0,1,0,0,0,0,-3.0799119814384075,46.0,0.322
100375,0.28503562945368177,0,3,Salaried,0.47412106981235713,0.5790995629966678,0.6054446460980034,0,53.07,2025-11-18,7.0,194.0,2025,11,18,Tuesday,0,0,1,0,1,0,0,0,0,1.2214170596254201,32.333333333333336,0.5307
100376,0.4275534441805226,0,2,Salaried,0.6368476592009551,-0.40366286529063394,0.1916515426497276,0,9.1,2016-02-26,10.0,25.0,2016,2,26,Friday,0,0,1,0,1,0,0,0,0,-0.6338452524063679,4.166666666666667,0.091
100377,0.14251781472684089,0,1,Unemployed,0.9565088490845554,0.2745504617740752,-0.5088929219600727,1,54.8,2011-03-23,8.0,116.0,2011,3,23,Wednesday,0,0,1,0,0,0,0,0,1,0.28703389627481113,19.333333333333332,0.5479999999999999
100378,0.9976247030878861,0,2,Salaried,-0.39541903428355657,0.11921322554838379,-0.19673321234119798,1,89.97,2025-08-23,0.0,113.0,2025,8,23,Saturday,1,0,0,0,0,0,0,0,1,-0.301485804203587,18.833333333333332,0.8996999999999999
100379,-0.23752969121140147,0,3,Self-Employed,0.9314601889515398,0.781870887332006,0.19528130671506336,0,83.16,2024-04-22,7.0,129.0,2024,4,22,Monday,0,0,1,0,0,0,1,0,0,0.8394034405400483,21.5,0.8316
100380,0.5700712589073635,1,2,Self-Employed,0.057553858632865745,0.8076373959292619,0.5655172413793101,0,14.23,2021-01-04,5.0,149.0,2021,1,4,Monday,0,0,0,1,0,0,0,0,1,14.032723697661272,24.833333333333332,0.1423
100381,-0.807600950118765,1,0,Salaried,-0.49205509025867106,0.06747126314559088,0.06098003629764049,0,56.67,2010-04-11,8.0,259.0,2010,4,11,Sunday,0,0,1,0,0,1,0,0,0,-0.1371213599479716,43.166666666666664,0.5667
100382,-0.9501187648456059,0,1,Salaried,-0.303232320621316,-0.12396280608888868,-0.1713248638838477,0,48.08,2020-07-12,5.0,109.0,2020,7,12,Sunday,1,0,0,0,0,0,0,0,1,0.4088047271309726,18.166666666666668,0.4808
100383,0.04750593824228029,1,2,Salaried,-0.25607984824768104,-0.13979926440426232,0.15898366606170583,0,21.59,2017-08-23,2.0,13.0,2017,8,23,Wednesday,1,0,0,0,0,0,0,1,0,0.5459206000038244,2.1666666666666665,0.2159
100384,-1.0926365795724466,0,2,Self-Employed,0.749835423596128,1.5089557815502688,0.362250453720508,0,27.72,2011-02-25,2.0,105.0,2011,2,25,Friday,0,0,1,0,0,0,0,0,1,2.012382629662231,17.5,0.2772
100385,0.7125890736342043,1,1,Salaried,0.36384888957868794,-0.2680022707196075,-0.36007259528130686,0,15.27,2020-09-18,10.0,177.0,2020,9,18,Friday,0,0,1,0,0,0,0,1,0,-0.7365757554734763,29.5,0.1527
100386,0.04750593824228029,1,2,Salaried,0.16067740722840398,-0.19642510400228255,0.22431941923774937,0,41.06,2011-06-20,7.0,240.0,2011,6,20,Monday,1,0,0,0,0,1,0,0,0,-1.2224811651526277,40.0,0.4106
100387,-0.9976247030878861,1,2,Self-Employed,0.2458818368101216,0.9660138845867484,-0.9880217785843922,0,56.93,2011-08-30,7.0,99.0,2011,8,30,Tuesday,1,0,0,0,0,0,0,0,1,3.928772849263923,16.5,0.5693
100388,0.5700712589073635,1,2,Unemployed,0.03017577355680245,0.6260137190270928,-0.41088929219600745,1,48.30800000000001,2025-05-25,0.0,43.0,2025,5,25,Sunday,1,0,0,0,0,0,0,0,1,20.745573194625596,7.166666666666667,0.48308000000000006
100389,0.09501187648456058,1,3,Self-Employed,-0.3600946338590344,-0.3343302598356298,0.9684210526315787,0,78.0,2013-05-07,10.0,123.0,2013,5,7,Tuesday,0,0,1,0,0,0,0,0,1,0.9284511025690805,20.5,0.78
100390,0.8551068883610452,1,1,Unemployed,0.12908488641180055,0.518083430221136,-0.8573502722323051,0,55.922000000000004,2016-10-25,0.0,142.2,2016,10,25,Tuesday,1,0,0,0,0,0,1,0,0,4.013509595293523,23.7,0.55922
100391,0.04750593824228029,0,1,Salaried,-0.45941777578258725,0.22409083386483875,0.38765880217785825,0,15.66,2015-07-27,8.0,11.0,2015,7,27,Monday,0,1,0,0,0,0,0,0,1,-0.4877713612258801,1.8333333333333333,0.1566
100392,0.23752969121140147,1,3,Salaried,0.016356323515291437,0.11695309146913917,-0.3818511796733214,0,59.57,2019-05-03,4.0,13.0,2019,5,3,Friday,1,0,0,0,0,0,0,0,1,7.150328822965648,2.1666666666666665,0.5957
100393,0.5225653206650832,1,1,Self-Employed,-0.6028380372820926,-0.12818268415904582,-0.6177858439201453,1,25.31,2023-11-15,2.0,59.0,2023,11,15,Wednesday,0,1,0,0,1,0,0,0,0,0.21263204415063128,9.833333333333334,0.2531
100394,0.8551068883610452,1,2,Salaried,-0.09621041994204828,0.9049423884051905,-0.6794918330308531,1,39.23,2021-09-20,4.0,186.0,2021,9,20,Monday,0,1,0,0,0,1,0,0,0,-9.405866734084277,31.0,0.3923
100395,-0.33254156769596205,0,3,Salaried,-0.11288778545709152,-0.07619405836863738,0.1698729582577131,1,31.76,2019-12-06,9.0,129.0,2019,12,6,Friday,0,0,1,0,0,0,0,1,0,0.6749539647723768,21.5,0.3176
100396,0.5225653206650832,1,2,Salaried,-0.3473699926840755,-0.5029819538789829,0.8631578947368419,0,94.1,2023-03-15,10.0,21.0,2023,3,15,Wednesday,0,1,0,0,0,0,1,0,0,1.4479718008815825,3.5,0.941
100397,0.7125890736342043,1,1,Self-Employed,-0.9783167538440776,1.3385510732233838,-0.18584392014519072,1,56.18,2016-11-06,0.0,92.0,2016,11,6,Sunday,0,0,0,1,1,0,0,0,0,-1.3682184915712072,15.333333333333334,0.5618
100398,0.5225653206650832,1,1,Self-Employed,7.913121249368406,1.8370234328992314,0.38402903811252254,0,59.87,2011-05-09,1.0,275.0,2011,5,9,Monday,0,0,1,0,0,0,0,1,0,0.23214903133777398,45.833333333333336,0.5987
100399,0.5700712589073635,0,1,Salaried,0.18676307038513926,0.3334368164917706,-0.6867513611615247,0,90.28,2012-03-23,9.0,248.0,2012,3,23,Friday,0,0,1,0,0,0,1,0,0,1.7853466202079646,41.333333333333336,0.9028
100400,-0.47505938242280293,1,1,Salaried,0.6770076587838215,-0.16998610727795813,0.15462794918330275,0,61.3,2014-08-30,8.0,293.0,2014,8,30,Saturday,0,0,1,0,0,0,0,0,1,-0.251084467173269,48.833333333333336,0.613
100401,-0.9501187648456059,0,2,Salaried,0.3412537738249439,-0.1427585980270913,-0.26932849364791306,0,64.44,2015-12-08,3.0,78.0,2015,12,8,Tuesday,0,0,0,1,1,0,0,0,0,-0.4183355876976279,13.0,0.6444
100402,-0.09501187648456058,1,1,Self-Employed,0.8116077277772764,0.19826847953189783,0.670780399274047,0,26.59,2013-07-10,2.0,293.0,2013,7,10,Wednesday,0,0,1,0,0,0,1,0,0,0.2442910198438958,48.833333333333336,0.2659
100403,0.9976247030878861,0,2,Unemployed,-0.694538772541093,-0.4549886897412922,-0.18221415607985497,0,11.76,2022-05-19,5.0,201.0,2022,5,19,Thursday,1,0,0,0,1,0,0,0,0,0.6550947300992795,33.5,0.1176
100404,-0.28503562945368177,0,2,Salaried,-0.05352907845589782,0.018587626496203387,0.1299455535390198,0,41.77,2010-01-22,8.0,182.0,2010,1,22,Friday,0,0,1,0,0,0,0,1,0,-0.3472435362681908,30.333333333333332,0.4177
100405,-0.5700712589073635,0,2,Self-Employed,-0.7535053118248447,4.685477192436148,-0.026134301270417586,0,58.44,2025-06-18,12.0,208.0,2025,6,18,Wednesday,0,1,0,0,0,0,0,1,0,-6.218240427647185,34.666666666666664,0.5844
100406,-0.9026128266033255,0,2,Salaried,0.5420413109821463,-0.16269165095178026,-0.8682395644283123,0,7.94,2016-07-13,7.0,256.0,2016,7,13,Wednesday,0,1,0,0,0,0,0,0,1,-0.30014622069486324,42.666666666666664,0.0794
100407,0.5225653206650832,1,1,Salaried,0.5481043479688618,1.0553584360209995,0.0754990925589835,1,68.63,2016-06-18,9.0,199.0,2016,6,18,Saturday,0,0,1,0,0,0,0,0,1,1.9254699217984588,33.166666666666664,0.6862999999999999
100408,0.4275534441805226,1,2,Self-Employed,0.7042559443064509,1.3977983857724585,-0.38911070780399293,0,82.36,2025-10-07,1.0,142.0,2025,10,7,Tuesday,1,0,0,0,0,1,0,0,0,1.9847874868120654,23.666666666666668,0.8236
100409,0.23752969121140147,1,2,Salaried,-0.30299943581570166,-0.3998122588074115,0.8087114337568057,0,66.86,2011-08-07,5.0,120.8,2011,8,7,Sunday,0,0,1,0,0,0,1,0,0,1.3195148622342514,20.133333333333333,0.6686
100410,0.0,1,2,Salaried,-0.24267448762596996,0.5007487997130975,-0.8319419237749548,1,75.9,2015-12-08,5.0,143.0,2015,12,8,Tuesday,0,0,1,0,0,0,1,0,0,-2.063458769860032,23.833333333333332,0.759
100411,-0.807600950118765,0,2,Salaried,0.07906520802292147,-0.36265864633903866,0.4021778584392013,0,58.08,2024-01-08,8.0,213.0,2024,1,8,Monday,1,0,0,0,0,0,0,1,0,-4.5868297245724285,35.5,0.5808
100412,0.18052256532066496,1,2,Salaried,0.7448964640549259,0.6097905931017497,0.7869328493647911,0,43.26,2014-06-09,12.0,169.8,2014,6,9,Monday,0,0,1,0,0,0,0,1,0,0.8186246311095201,28.3,0.4326
100413,0.4275534441805226,0,1,Salaried,0.24219681816918642,-0.2399807503840857,-0.30925589836660633,1,25.23,2022-03-20,12.0,48.0,2022,3,20,Sunday,0,0,0,1,0,0,0,0,1,-0.9908501366704467,8.0,0.2523
100414,-0.7600950118764846,0,2,Self-Employed,0.2439162286994914,0.07151927911941663,-0.22214156079854827,0,43.73,2013-05-05,8.0,91.0,2013,5,5,Sunday,0,0,0,1,1,0,0,0,0,0.29321246684052954,15.166666666666666,0.43729999999999997
100415,-1.0451306413301664,1,2,Salaried,0.25447579202273035,-0.582195773737895,0.0007259528130669031,1,11.43,2013-03-11,2.0,37.0,2013,3,11,Monday,0,0,1,0,0,0,1,0,0,-2.2878238008819793,6.166666666666667,0.1143
100416,-0.5700712589073635,0,2,Salaried,-1.0034352527932282,-0.49341168936740837,0.05009074410163323,0,76.34,2013-09-21,5.0,133.0,2013,9,21,Saturday,0,0,0,1,0,1,0,0,0,0.491722498281693,22.166666666666668,0.7634000000000001
100417,0.23752969121140147,0,3,Salaried,0.6679791834798231,0.8438326836758118,-0.3274047186932851,0,72.41,2023-05-07,7.0,189.4,2023,5,7,Sunday,0,0,0,1,0,0,0,0,1,1.2632619466970267,31.566666666666666,0.7241
100418,-0.33254156769596205,1,3,Salaried,-0.9000242458909427,-0.5184201606337433,-0.5125226860254085,1,87.91,2022-10-07,9.0,199.0,2022,10,7,Friday,1,0,0,0,0,1,0,0,0,0.5760068831485248,33.166666666666664,0.8791
100419,0.47505938242280293,0,2,Self-Employed,-0.6764548768770804,-0.051189654749093295,-0.8609800362976409,0,16.19,2019-11-07,10.0,74.0,2019,11,7,Thursday,0,0,0,1,0,0,0,0,1,0.07567342109412428,12.333333333333334,0.16190000000000002
100420,0.4275534441805226,0,2,Salaried,0.20080525202275132,0.885248096700537,0.598185117967332,0,32.37,2025-06-12,2.0,208.0,2025,6,12,Thursday,0,1,0,0,0,0,1,0,0,4.408490753021928,34.666666666666664,0.3237
100421,-0.9976247030878861,1,1,Self-Employed,0.583953804227993,0.25134740347766077,-0.6395644283121599,0,89.84,2019-01-11,9.0,129.0,2019,1,11,Friday,0,0,0,1,0,0,1,0,0,0.43042343702161623,21.5,0.8984000000000001
100422,0.33254156769596205,0,1,Self-Employed,-0.20035377145637914,-0.40863084470073646,-0.9771324863883849,0,53.6,2021-03-23,9.0,107.0,2021,3,23,Tuesday,0,1,0,0,0,0,0,1,0,2.0395465567250537,17.833333333333332,0.536
100423,0.47505938242280293,1,2,Salaried,-0.29584580744946254,-0.47391348074679585,-0.06243194192377512,0,12.24,2019-10-27,11.0,241.0,2019,10,27,Sunday,0,0,1,0,0,0,0,0,1,1.6018935161950925,40.166666666666664,0.12240000000000001
100424,0.19002375296912116,0,3,Salaried,-0.6223607953872566,-0.24589665227303195,0.7905626134301269,0,85.05,2010-11-23,1.0,214.0,2010,11,23,Tuesday,1,0,0,0,0,0,0,0,1,0.395103056130047,35.666666666666664,0.8504999999999999
100425,0.5700712589073635,1,2,Self-Employed,-0.22200862368263846,-0.47995275452368796,-0.5633393829401091,0,220.2,2017-03-25,2.0,221.0,2017,3,25,Saturday,1,0,0,0,1,0,0,0,0,2.1618653661390237,36.833333333333336,2.202
100426,0.9976247030878861,0,1,Salaried,-0.3449167926619097,-0.039499270027221346,-0.8101633393829403,1,13.22,2010-07-31,6.0,278.0,2010,7,31,Saturday,0,1,0,0,0,0,0,1,0,0.11451825735240109,46.333333333333336,0.1322
100427,-0.8551068883610452,0,3,Salaried,-0.9098303114906386,-0.5791708754367518,-0.7085299455535392,0,80.24,2025-02-14,12.0,189.0,2025,2,14,Friday,0,0,0,1,1,0,0,0,0,0.6365702132827996,31.5,0.8024
100428,0.09501187648456058,0,2,Salaried,0.9054944383942198,1.6569525600624373,0.834119782214156,0,57.84,2022-11-26,1.0,132.0,2022,11,26,Saturday,1,0,0,0,0,1,0,0,0,1.82988706479615,22.0,0.5784
100429,0.9026128266033255,0,1,Self-Employed,0.009465018937144751,0.4629464940475002,-0.3745916515426499,0,94.96,2010-06-19,10.0,209.0,2010,6,19,Saturday,1,0,0,0,0,0,1,0,0,48.9113119711469,34.833333333333336,0.9495999999999999
100430,-0.3800475059382423,0,0,Salaried,-0.21932375652998534,0.20857897537114825,0.5038112522686023,0,78.93,2025-01-29,1.0,137.0,2025,1,29,Wednesday,0,0,1,0,0,0,0,0,1,-0.9510094969699824,22.833333333333332,0.7893000000000001
100431,-1.0926365795724466,0,3,Salaried,0.4533757641047324,0.576507652030414,0.28965517241379296,0,8.62,2022-12-04,3.0,233.0,2022,12,4,Sunday,0,1,0,0,0,0,1,0,0,1.2715890386616198,38.833333333333336,0.0862
100432,-0.4275534441805226,0,2,Salaried,-1.0121841598282917,-0.6249144334624257,0.877676950998185,0,47.35,2013-12-06,2.0,181.0,2013,12,6,Friday,0,0,1,0,0,0,0,1,0,0.617392030288675,30.166666666666668,0.47350000000000003
100433,0.4275534441805226,1,2,Unemployed,0.7621792945638339,1.478633572857773,-0.07332123411978238,0,44.8,2024-08-12,1.0,64.0,2024,8,12,Monday,0,1,0,0,1,0,0,0,0,1.9400075328783872,10.666666666666666,0.44799999999999995
100434,0.6175771971496438,1,2,Unemployed,-0.09698627957703303,0.014729061573607313,-0.9009074410163341,0,21.33,2016-03-28,12.0,110.0,2016,3,28,Monday,0,0,1,0,0,0,1,0,0,-0.15186747690335417,18.333333333333332,0.2133
100435,-0.9026128266033255,1,2,Salaried,-0.39167178108340134,0.3547342353228887,0.9139745916515425,0,44.23,2023-02-17,7.0,168.0,2023,2,17,Friday,0,0,1,0,0,0,1,0,0,-0.9056926040003703,28.0,0.44229999999999997
100436,-0.3800475059382423,1,2,Self-Employed,-0.8852281263207035,-0.29532627001875844,0.7651542649727766,0,92.21,2021-01-11,5.0,60.0,2021,1,11,Monday,0,0,0,1,0,1,0,0,0,0.3336160038726183,10.0,0.9220999999999999
100437,0.6175771971496438,1,2,Salaried,0.4725049965894335,1.2917561442613685,-0.23666061705989128,1,36.32,2020-07-17,2.0,287.0,2020,7,17,Friday,0,0,1,0,0,1,0,0,0,2.733846527730572,47.833333333333336,0.3632
100438,0.7600950118764846,1,1,Salaried,0.9262162869928036,0.7462720002088166,-0.9807622504537207,0,33.9,2017-06-23,6.0,99.0,2017,6,23,Friday,0,1,0,0,0,0,0,0,1,0.8057210941860871,16.5,0.33899999999999997
100439,-0.9976247030878861,0,2,Salaried,0.9871261452522456,1.9731243140606536,0.01742286751361145,0,82.2,2012-05-06,3.0,235.0,2012,5,6,Sunday,1,0,0,0,0,0,0,0,1,1.9988573127666986,39.166666666666664,0.8220000000000001
100440,0.01900237529691205,1,0,Self-Employed,-0.05689333200279533,0.1481401059858732,0.8631578947368419,0,42.05,2017-05-25,12.0,37.0,2017,5,25,Thursday,0,0,1,0,0,1,0,0,0,-2.603821937843167,6.166666666666667,0.4205
100441,0.28503562945368177,0,1,Salaried,0.34623214805447405,0.12448538615793818,-0.6286751361161527,0,30.94,2021-02-10,3.0,239.0,2021,2,10,Wednesday,0,0,0,1,0,0,0,0,1,0.3595431182732125,39.833333333333336,0.3094
100442,-0.33254156769596205,1,1,Salaried,0.22059139893798455,0.03416767836484967,0.8486388384754989,0,47.36,2018-12-25,5.0,203.0,2018,12,25,Tuesday,1,0,0,0,1,0,0,0,0,0.15489125382651625,33.833333333333336,0.4736
100443,0.9976247030878861,0,3,Salaried,-0.6713751303057162,-0.5689604228076067,-0.15317604355716896,0,8.3,2022-05-04,9.0,93.0,2022,5,4,Wednesday,1,0,0,0,0,0,1,0,0,0.8474553154039619,15.5,0.083
100444,-0.3800475059382423,0,1,Self-Employed,0.4789146893544453,0.4027311410495051,-0.9698729582577135,1,33.31,2011-12-23,1.0,73.0,2011,12,23,Friday,0,0,0,1,1,0,0,0,0,0.8409245947172093,12.166666666666666,0.3331
100445,-0.7125890736342043,1,2,Salaried,0.1156922634529333,0.3352465736441532,0.47477313974591634,0,15.43,2017-04-02,2.0,266.0,2017,4,2,Sunday,1,0,0,0,0,1,0,0,0,2.8977440983384377,44.333333333333336,0.1543
100446,-0.9501187648456059,1,2,Self-Employed,-0.11550450895358982,-0.1778056517874124,0.3368421052631577,0,82.84,2019-01-25,7.0,280.0,2019,1,25,Friday,1,0,0,0,0,0,0,0,1,1.5393827773325752,46.666666666666664,0.8284
100447,-0.33254156769596205,1,1,Self-Employed,0.9413232243518163,-0.0869022912835316,-0.35644283121597115,0,64.19,2010-01-10,7.0,152.0,2010,1,10,Sunday,0,0,0,1,0,0,1,0,0,-0.09231928952286443,25.333333333333332,0.6419
100448,-0.04750593824228029,1,2,Salaried,-0.8803302766278098,-0.41501400344684436,0.7179673321234118,0,46.58,2022-03-03,5.0,9.0,2022,3,3,Thursday,0,0,0,1,0,1,0,0,0,0.4714298876969171,1.5,0.4658
100449,-0.6175771971496438,0,1,Self-Employed,-0.208330466556729,0.5294020834748124,-0.7085299455535392,1,21.88,2011-03-21,10.0,258.0,2011,3,21,Monday,1,0,0,0,0,1,0,0,0,-2.5411649684500404,43.0,0.2188
100450,-0.14251781472684089,1,2,Self-Employed,-0.22751538194045548,0.4808897924298934,0.3441016333938292,0,61.04,2018-02-11,2.0,47.0,2018,2,11,Sunday,1,0,0,0,0,0,0,0,1,-2.113658374780788,7.833333333333333,0.6103999999999999
100451,0.23752969121140147,1,3,Salaried,-0.5586673335627198,-0.4484687262262349,-0.7085299455535392,1,61.29,2021-03-07,3.0,280.0,2021,3,7,Sunday,0,0,1,0,1,0,0,0,0,0.8027473583720584,46.666666666666664,0.6129
100452,-0.807600950118765,1,2,Salaried,-0.224309044527182,0.3267862702603653,-0.6940108892921961,1,23.32,2011-02-27,7.0,286.0,2011,2,27,Sunday,0,0,0,1,0,0,0,0,1,-1.4568573057283252,47.666666666666664,0.2332
100453,-0.6650831353919241,1,1,Salaried,-0.4566457188307589,-0.049309991951465494,-0.5161524500907443,0,16.79,2022-04-27,5.0,282.0,2022,4,27,Wednesday,0,0,0,1,0,1,0,0,0,0.10798303787392051,47.0,0.1679
100454,-1.0451306413301664,1,3,Salaried,-0.06135185125503681,0.813004696064055,0.006533575317604191,0,44.43,2016-06-17,6.0,57.0,2016,6,17,Friday,1,0,0,0,0,1,0,0,0,-13.25151041790788,9.5,0.4443
100455,0.9976247030878861,0,2,Self-Employed,0.11949332688847125,0.2662365229330779,0.979310344827586,0,48.62,2025-08-30,0.0,235.0,2025,8,30,Saturday,0,0,0,1,0,0,1,0,0,2.228045112356517,39.166666666666664,0.48619999999999997
100456,0.33254156769596205,0,1,Salaried,-0.5068209543295833,-0.383818721799755,-0.9880217785843922,0,92.58,2010-08-25,1.0,126.0,2010,8,25,Wednesday,0,1,0,0,0,1,0,0,0,0.7573063396864991,21.0,0.9258
100457,-0.04750593824228029,1,2,Salaried,0.5137756987168205,0.028049712504090673,0.5945553539019962,0,76.94,2023-08-28,9.0,224.0,2023,8,28,Monday,0,1,0,0,0,0,0,0,1,0.05459524958877226,37.333333333333336,0.7694
100458,-0.4275534441805226,0,1,Self-Employed,-0.14175411449330158,-0.30837697711675166,0.44573502722323033,0,19.25,2025-12-02,0.0,296.0,2025,12,2,Tuesday,1,0,0,0,0,1,0,0,0,2.1754358116449852,49.333333333333336,0.1925
100459,-0.33254156769596205,1,2,Self-Employed,0.2208635564289968,0.6549892954669555,0.006533575317604191,1,6.23,2022-05-10,11.0,154.0,2022,5,10,Tuesday,0,0,1,0,0,0,0,0,1,2.965583394821053,25.666666666666668,0.0623
100460,-0.28503562945368177,1,1,Salaried,0.26961445816147156,0.5517181101963016,0.006533575317604191,0,26.810000000000002,2019-02-25,10.0,53.0,2019,2,25,Monday,0,1,0,0,1,0,0,0,0,2.0463224189033613,8.833333333333334,0.2681
100461,-0.5225653206650832,1,0,Salaried,-0.6589212780685293,-0.5868613646071115,-0.004355716878403069,1,46.53,2012-07-18,4.0,69.0,2012,7,18,Wednesday,0,0,1,0,1,0,0,0,0,0.890639571281346,11.5,0.4653
100462,-1.0926365795724466,1,0,Salaried,-0.1764764491191019,0.4045372646517898,0.8486388384754989,0,63.29,2012-08-20,3.0,206.0,2012,8,20,Monday,0,0,1,0,1,0,0,0,0,-2.2923017018478897,34.333333333333336,0.6329
100463,0.9976247030878861,0,0,Self-Employed,-0.7409736508570625,-0.5021000944857676,0.4529945553539018,0,49.85,2013-06-15,7.0,43.0,2013,6,15,Saturday,1,0,0,0,1,0,0,0,0,0.6776220637603013,7.166666666666667,0.4985
100464,-0.5700712589073635,1,2,Self-Employed,-0.7906506690750954,-0.26021512268558317,-0.08058076225045388,1,31.27,2026-01-27,4.0,193.0,2026,1,27,Tuesday,1,0,0,0,1,0,0,0,0,0.32911516155419596,32.166666666666664,0.3127
100465,-0.3800475059382423,0,1,Self-Employed,-0.8483064325607838,-0.3652978577671856,0.979310344827586,0,67.94,2025-10-27,11.0,52.0,2025,10,27,Monday,0,1,0,0,0,0,1,0,0,0.43062016713047957,8.666666666666666,0.6794
100466,-0.14251781472684089,1,2,Salaried,-0.7902801301789674,0.48369636581865305,0.10453720508166953,0,93.22,2020-10-27,1.0,278.0,2020,10,27,Tuesday,0,1,0,0,0,0,0,1,0,-0.6120568483850338,46.333333333333336,0.9322
100467,0.9026128266033255,1,1,Salaried,-1.0107496462268795,-0.48417120972135114,-0.5597096188747733,1,46.11,2015-06-20,5.0,150.0,2015,6,20,Saturday,0,1,0,0,0,1,0,0,0,0.47902189382777277,25.0,0.4611
100468,-1.0926365795724466,0,2,Salaried,0.5453290782007364,-0.07783688122603813,0.8522686025408347,0,39.52,2013-03-30,7.0,29.0,2013,3,30,Saturday,0,0,0,1,0,0,0,0,1,-0.14273378100953982,4.833333333333333,0.39520000000000005
100469,-0.09501187648456058,0,0,Salaried,0.4022897395616337,1.034662538546455,-0.5379310344827588,0,50.74,2023-06-12,0.0,68.0,2023,6,12,Monday,0,1,0,0,0,0,1,0,0,2.571933700506267,11.333333333333334,0.5074000000000001
100470,0.5700712589073635,1,2,Salaried,-0.6444509487210223,-0.16417813468904202,0.979310344827586,0,82.76,2013-01-23,6.0,108.0,2013,1,23,Wednesday,1,0,0,0,0,0,1,0,0,0.25475660329908745,18.0,0.8276
100471,-0.9976247030878861,1,2,Salaried,-0.03265445245472865,0.21904562543750195,0.28965517241379296,0,74.54,2016-03-13,4.0,52.0,2016,3,13,Sunday,0,0,0,1,1,0,0,0,0,-6.707986475693676,8.666666666666666,0.7454000000000001
100472,-0.28503562945368177,0,0,Salaried,0.30346230856715356,-0.3937445115029827,0.35862068965517224,0,35.59,2019-04-23,2.0,31.0,2019,4,23,Tuesday,0,0,1,0,0,0,0,0,1,-1.297507138076261,5.166666666666667,0.35590000000000005
100473,0.04750593824228029,0,2,Salaried,0.09574628336451751,-0.04502433215464766,-0.770235934664247,0,29.05,2021-05-22,10.0,203.8,2021,5,22,Saturday,0,1,0,0,0,0,0,0,1,-0.4702462651551148,33.96666666666667,0.2905
100474,0.04750593824228029,1,2,Salaried,-0.4587998855323254,-0.26108350900365684,0.1916515426497276,0,30.46,2010-01-22,12.2,120.0,2010,1,22,Friday,0,0,0,1,0,0,0,0,1,0.5690574850530599,20.0,0.3046
100475,0.9026128266033255,1,1,Salaried,-0.8213435551775959,-0.5668725945679797,-0.886388384754991,0,80.37,2016-09-11,6.0,72.0,2016,9,11,Sunday,0,0,1,0,1,0,0,0,0,0.6901771992907487,12.0,0.8037000000000001
100476,0.9026128266033255,1,0,Salaried,0.4362990597242693,-0.6295541071512983,-0.22940108892921976,0,94.9,2023-01-03,1.0,165.0,2023,1,3,Tuesday,1,0,0,0,0,0,0,1,0,-1.4429417004683935,27.5,0.9490000000000001
100477,0.28503562945368177,0,1,Self-Employed,0.7916597685230204,0.4091370609322216,-0.7883847549909258,0,82.87,2020-12-25,2.0,78.0,2020,12,25,Friday,0,1,0,0,0,0,1,0,0,0.5168092117344023,13.0,0.8287
100478,0.47505938242280293,1,2,Salaried,-0.597227288503415,0.2745504617740752,-0.6286751361161527,0,43.681999999999995,2020-01-07,5.0,114.0,2020,1,7,Tuesday,0,1,0,0,0,0,0,0,1,-0.45970850136816094,19.0,0.43681999999999993
100479,0.04750593824228029,1,2,Unemployed,8.858831867254773,0.31248878922680845,-0.6105263157894738,0,290.26,2017-09-28,3.0,49.0,2017,9,28,Thursday,0,0,1,0,0,0,0,0,1,0.03527426571689122,8.166666666666666,2.9026
100480,-0.04750593824228029,0,3,Salaried,-0.6703305567507777,-0.3844801967329429,0.24972776769509966,0,38.95,2022-03-10,5.0,224.0,2022,3,10,Thursday,0,0,0,1,0,0,0,0,1,0.5735680596101617,37.333333333333336,0.3895
100481,0.7125890736342043,1,3,Salaried,-0.02159614643985609,1.8473132930679044,-0.007259528130671506,0,83.26,2017-03-21,8.0,150.0,2017,3,21,Tuesday,1,0,0,0,1,0,0,0,0,-85.53902420566354,25.0,0.8326
100482,-0.14251781472684089,0,1,Salaried,0.49134376208030306,0.1554071949271991,0.6780399274047185,0,26.49,2025-08-23,4.0,110.0,2025,8,23,Saturday,0,0,1,0,1,0,0,0,0,0.31629015553025386,18.333333333333332,0.26489999999999997
100483,-1.0926365795724466,0,2,Salaried,1.003702839564923,0.23407697104723574,0.11179673321234103,0,31.75,2018-08-04,0.0,127.0,2018,8,4,Saturday,1,0,0,0,0,1,0,0,0,0.23321341917165594,21.166666666666668,0.3175
100484,-0.14251781472684089,1,3,Salaried,0.13325538999579378,0.3554946199914835,-0.6540834845735028,1,8.93,2019-03-20,8.0,11.0,2019,3,20,Wednesday,1,0,0,0,0,0,1,0,0,2.667769161177681,1.8333333333333333,0.08929999999999999
100485,-0.6650831353919241,1,3,Salaried,-0.5141577398502989,-0.3897675989597219,0.4820326678765879,0,68.47,2020-08-10,9.0,220.0,2020,8,10,Monday,1,0,0,0,0,1,0,0,0,0.7580700799587415,36.666666666666664,0.6847
100486,-0.9026128266033255,0,1,Self-Employed,0.3781309141654967,0.5554006167545331,-0.6504537205081672,0,39.75,2018-07-21,11.4,42.0,2018,7,21,Saturday,0,0,0,1,0,0,1,0,0,1.4688051041271137,7.0,0.3975
100487,-0.9976247030878861,0,0,Salaried,0.5455442570159849,0.15373366374817493,0.6090744101633392,0,76.32,2024-11-19,0.0,35.0,2024,11,19,Tuesday,0,0,0,1,0,0,0,1,0,0.2817987024353744,5.833333333333333,0.7631999999999999
100488,-0.4275534441805226,0,2,Self-Employed,-0.930322949609428,-0.48600430359040203,0.18076225045372035,0,93.27,2024-08-16,12.0,217.0,2024,8,16,Friday,0,1,0,0,0,1,0,0,0,0.5224038639425571,36.166666666666664,0.9327
100489,-0.14251781472684089,0,1,Self-Employed,1.0118469561200407,2.2229298864726816,0.8704174228675134,1,91.83,2021-02-09,2.0,147.0,2021,2,9,Tuesday,0,0,1,0,1,0,0,0,0,2.196903269834973,24.5,0.9183
100490,-0.23752969121140147,0,1,Salaried,0.13484576068834145,-0.5705975300585483,0.4784029038112521,0,50.21,2012-10-31,2.0,279.0,2012,10,31,Wednesday,0,0,1,0,1,0,0,0,0,-4.231482896798855,46.5,0.5021
100491,0.4275534441805226,1,2,Salaried,-0.6338608228171195,-0.3691438901574752,-0.27658802177858455,0,34.88,2023-03-28,10.0,38.0,2023,3,28,Tuesday,0,0,1,0,0,0,0,0,1,0.582373727590323,6.333333333333333,0.3488
100492,-0.3800475059382423,1,2,Salaried,0.8610648810833627,-0.41067460408718565,0.5328493647912884,0,29.474,2012-04-02,3.0,49.0,2012,4,2,Monday,1,0,0,0,0,0,1,0,0,-0.476938048582923,8.166666666666666,0.29474
100493,-0.5225653206650832,1,2,Salaried,-0.32169376657613785,0.29093801066464237,0.6381125226860253,0,13.97,2019-11-16,10.0,94.0,2019,11,16,Saturday,0,1,0,0,1,0,0,0,0,-0.9043943056813435,15.666666666666666,0.13970000000000002
100494,-0.9976247030878861,0,1,Salaried,0.5184313624121683,1.3003305346871665,-0.5851179673321236,0,6.38,2020-04-01,5.0,272.0,2020,4,1,Wednesday,0,0,1,0,0,1,0,0,0,2.5082019124710384,45.333333333333336,0.0638
100495,0.7600950118764846,0,0,Self-Employed,-0.8126485826304789,-0.4384475799494219,-0.9880217785843922,0,41.9,2013-03-26,11.0,142.0,2013,3,26,Tuesday,1,0,0,0,0,0,0,0,1,0.5395291265139501,23.666666666666668,0.419
100496,-0.47505938242280293,1,2,Salaried,1.0014175509076344,1.3942801526572566,-0.9372050816696916,1,92.3,2024-09-07,6.0,144.0,2024,9,7,Saturday,1,0,0,0,0,0,0,0,1,1.3923064873324331,24.0,0.9229999999999999
100497,-0.9976247030878861,1,1,Self-Employed,0.2306410350637963,-0.5569874974103168,-0.9735027223230491,1,47.25,2011-09-05,7.0,238.0,2011,9,5,Monday,0,1,0,0,0,0,1,0,0,-2.4149540312991213,39.666666666666664,0.4725
100498,0.9026128266033255,0,3,Salaried,0.7442602643018446,1.0325587130398042,-0.14591651542649745,0,35.47,2015-12-12,2.0,135.0,2015,12,12,Saturday,1,0,0,0,0,0,0,0,1,1.3873624087783307,22.5,0.3547
100499,-0.807600950118765,0,3,Salaried,-0.6579333725579448,-0.3085136532644585,0.6961887477313973,0,40.77,2025-07-15,5.4,265.0,2025,7,15,Tuesday,0,0,0,1,0,0,0,1,0,0.46891321542940495,44.166666666666664,0.4077
100500,0.0380047505938241,1,1,Salaried,-0.7184942142403754,-0.4445041452445894,0.30417422867513594,0,81.66,2011-10-20,0.0,246.0,2011,10,20,Thursday,1,0,0,0,0,0,1,0,0,0.6186607163072835,41.0,0.8166
100501,-0.3800475059382423,2,2,Self-Employed,0.7674591498894734,0.18832372141094686,-0.8936479128856626,0,82.34,2025-02-15,0.0,288.0,2025,2,15,Saturday,1,0,0,0,0,0,1,0,0,0.24538598756437857,48.0,0.8234
100502,-0.4275534441805226,1,2,Salaried,-0.2547939939638769,0.5388469261973903,-0.16043557168784045,1,268.18,2018-07-11,3.0,218.0,2018,7,11,Wednesday,0,0,0,1,0,0,0,0,1,-2.114833704729259,36.333333333333336,2.6818
100503,-0.6650831353919241,1,3,Salaried,0.07470763510372354,-0.30795058162053535,-0.490744101633394,0,69.68,2024-01-22,1.0,262.0,2024,1,22,Monday,1,0,0,0,0,1,0,0,0,-4.122076427569672,43.666666666666664,0.6968000000000001
100504,-0.7125890736342043,1,1,Unemployed,0.5437909645865217,0.8715799111730848,-0.41814882032667894,1,83.51,2020-12-11,0.0,210.0,2020,12,11,Friday,0,0,1,0,0,0,0,0,1,1.602784834492058,35.0,0.8351000000000001
100505,0.5225653206650832,0,1,Self-Employed,-0.7421370009879743,-0.6409307283911596,0.17350272232304884,0,60.57,2010-10-22,5.0,193.4,2010,10,22,Friday,0,1,0,0,1,0,0,0,0,0.8636285854739985,32.233333333333334,0.6057
100506,0.14251781472684089,1,1,Salaried,-0.7709161402250092,-0.6438734698737187,0.3346642468239562,0,61.8,2015-04-08,9.0,160.0,2015,4,8,Wednesday,1,0,0,0,0,0,0,0,1,0.8352055901771492,26.666666666666668,0.618
100507,-0.4275534441805226,0,2,Salaried,0.3751374480198552,0.34364047631155137,0.8631578947368419,0,94.77,2016-06-12,12.0,105.0,2016,6,12,Sunday,0,0,1,0,1,0,0,0,0,0.9160388495615165,17.5,0.9477
100508,0.8551068883610452,1,2,Salaried,-0.6438444985818288,-0.6350229778734505,-0.948094373865699,0,44.06,2012-01-11,6.0,17.0,2012,1,11,Wednesday,0,0,0,1,1,0,0,0,0,0.9862986781314291,2.8333333333333335,0.44060000000000005
100509,-0.4275534441805226,0,2,Salaried,0.8671701994425609,2.0724711526820503,0.8159709618874772,0,73.43,2012-03-17,5.0,8.0,2012,3,17,Saturday,0,0,1,0,1,0,0,0,0,2.3899243239842507,1.3333333333333333,0.7343000000000001
100510,-0.3800475059382423,1,2,Self-Employed,0.4411495869406563,0.2056828028171661,0.979310344827586,0,83.53,2025-10-15,3.0,276.0,2025,10,15,Wednesday,0,1,0,0,0,0,0,1,0,0.4662427641462003,46.0,0.8353
100511,0.47505938242280293,1,2,Salaried,1.0086947040728271,0.8786221975147069,0.46751361161524485,0,19.97,2019-12-14,2.0,148.0,2019,12,14,Saturday,0,0,0,1,0,0,0,1,0,0.8710486869486637,24.666666666666668,0.1997
100512,0.5700712589073635,1,1,Salaried,0.7792374941874484,1.3928445707766755,0.05735027223230473,0,86.31,2016-09-19,11.0,195.0,2016,9,19,Monday,0,1,0,0,1,0,0,0,0,1.787445523561552,32.5,0.8631
100513,-0.23752969121140147,0,2,Unemployed,-0.39290111287585483,0.2940262308111852,-0.6686025408348459,0,34.19,2011-01-12,10.0,206.0,2011,1,12,Wednesday,0,1,0,0,0,0,0,1,0,-0.7483466479874512,34.333333333333336,0.3419
100514,0.13301662707838469,0,1,Salaried,-0.9904795977012608,-0.5462944739573367,-0.25480943738657,0,31.4,2011-04-05,3.0,154.0,2011,4,5,Tuesday,0,0,1,0,0,0,0,1,0,0.5515454081287446,25.666666666666668,0.314
100515,-0.33254156769596205,1,2,Salaried,-0.8067042334679052,4.599916830691073,0.3441016333938292,0,43.76,2018-05-29,11.0,172.0,2018,5,29,Tuesday,0,0,1,0,1,0,0,0,0,-5.702110686734212,28.666666666666668,0.4376
100516,0.4275534441805226,0,1,Salaried,0.5401059530457327,1.4638176597902341,-0.44718693284936495,1,52.8,2015-06-24,12.0,60.0,2015,6,24,Wednesday,0,0,1,0,0,1,0,0,0,2.710241669316108,10.0,0.528
100517,-0.5700712589073635,0,1,Salaried,0.5408680028957505,0.38034297388868393,-0.33103448275862085,1,66.36,2022-09-11,8.0,188.0,2022,9,11,Sunday,0,1,0,0,0,1,0,0,0,0.7032084942210809,31.333333333333332,0.6636
100518,-0.5225653206650832,1,0,Salaried,-0.015049133291216826,0.6110189581219946,0.8304900181488202,1,20.3,2014-01-15,1.0,51.0,2014,1,15,Wednesday,1,0,0,0,0,0,0,0,1,-40.60160451091264,8.5,0.203
100519,0.9026128266033255,1,1,Self-Employed,-1.0121841598282917,-0.4859112139662139,0.02831215970961871,0,59.85,2011-10-09,0.0,115.0,2011,10,9,Sunday,0,0,0,1,0,0,0,0,1,0.4800620610864376,19.166666666666668,0.5985
100520,-0.47505938242280293,1,0,Salaried,-0.7424425912938779,-0.6392222604671681,0.10453720508166953,0,60.77,2018-07-31,5.0,207.0,2018,7,31,Tuesday,0,0,1,0,0,0,0,1,0,0.8609719700390241,34.5,0.6077
100521,-0.9501187648456059,1,1,Salaried,0.31909716311982006,0.7596010999471603,-0.3455535390199639,0,49.79,2015-05-27,0.0,212.0,2015,5,27,Wednesday,0,0,1,0,0,0,0,0,1,2.380469611576999,35.333333333333336,0.4979
100522,0.4275534441805226,0,2,Salaried,0.8062772484070019,1.5464815676223578,0.5836660617059889,0,17.88,2023-01-30,1.0,76.0,2023,1,30,Monday,0,1,0,0,0,0,0,1,0,1.918051849630894,12.666666666666666,0.1788
100523,-0.23752969121140147,1,2,Salaried,0.043449275582590735,0.20819562779699835,-0.22577132486388402,0,62.41,2020-05-05,3.0,210.0,2020,5,5,Tuesday,0,1,0,0,0,0,0,1,0,4.791693877640119,35.0,0.6241
100524,0.6175771971496438,0,2,Self-Employed,0.8811479472505709,2.0930044005567505,0.06460980036297624,1,27.98,2020-04-22,6.6,43.0,2020,4,22,Wednesday,0,1,0,0,0,0,1,0,0,2.3753155268505273,7.166666666666667,0.2798
100525,-0.33254156769596205,0,3,Self-Employed,-0.19319805387202865,0.4834133010116726,0.8450090744101632,0,85.9,2010-03-18,7.0,70.0,2010,3,18,Thursday,1,0,0,0,0,1,0,0,0,-2.502164443808932,11.666666666666666,0.8590000000000001
100526,0.7600950118764846,1,3,Salaried,-0.9923848598916438,-0.5055618307202445,-0.5669691470054448,0,86.11,2020-06-08,7.0,30.0,2020,6,8,Monday,1,0,0,0,0,1,0,0,0,0.5094412975782859,5.0,0.8611
100527,0.7600950118764846,2,0,Salaried,0.6179031547781463,-0.14179056240146698,-0.25480943738657,0,54.19,2025-03-13,0.0,200.0,2025,3,13,Thursday,0,0,0,1,0,0,1,0,0,-0.22947052674035281,33.333333333333336,0.5418999999999999
100528,0.36104513064133026,1,2,Salaried,0.07004362163607687,-0.2188430228642366,-0.8972776769509984,0,44.76,2011-08-29,4.0,186.6,2011,8,29,Monday,1,0,0,0,0,1,0,0,0,-3.1243818887788444,31.099999999999998,0.4476
100529,-0.09501187648456058,0,3,Self-Employed,0.2876506585912854,0.2966935700972798,0.7070780399274046,0,93.89,2017-10-01,3.0,156.0,2017,10,1,Sunday,0,0,0,1,0,0,0,0,1,1.0314371312420432,26.0,0.9389
100530,-0.09501187648456058,1,3,Salaried,0.03113721327126101,0.26528652161340405,0.1698729582577131,0,62.5,2016-09-16,6.0,75.0,2016,9,16,Friday,0,0,0,1,0,0,0,1,0,8.51991857146246,12.5,0.625
100531,-0.47505938242280293,0,2,Self-Employed,-0.31370645675675174,0.47246209453105426,0.03920145190562597,0,67.13,2019-07-08,12.0,283.0,2019,7,8,Monday,1,0,0,0,0,0,1,0,0,-1.5060642978649361,47.166666666666664,0.6713
100532,0.04750593824228029,0,2,Salaried,0.18375064684830872,0.9343565793592976,0.14083484573502705,0,81.08,2020-03-31,8.0,253.0,2020,3,31,Tuesday,0,0,1,0,0,0,1,0,0,5.084915864979974,42.166666666666664,0.8108
100533,-0.9976247030878861,1,2,Salaried,-0.11128036553773042,0.7119138016286597,0.24972776769509966,0,94.94,2014-06-20,0.0,143.2,2014,6,20,Friday,0,1,0,0,0,1,0,0,0,-6.397478999898505,23.866666666666664,0.9494
100534,-0.7600950118764846,1,2,Unemployed,-0.12802497831543147,4.924532738068329,0.7905626134301269,0,14.6,2020-11-02,4.0,34.0,2020,11,2,Monday,0,1,0,0,0,1,0,0,0,-38.465405758047694,5.666666666666667,0.146
100535,-0.5225653206650832,1,2,Salaried,0.5550811383110206,-0.321917674876501,-0.6395644283121599,0,56.47,2018-07-22,3.0,86.0,2018,7,22,Sunday,0,0,0,1,0,0,0,0,1,-0.5799470611738307,14.333333333333334,0.5647
100536,0.9501187648456059,2,2,Salaried,0.4277173788899443,0.47710372969387355,-0.9880217785843922,0,31.63,2022-11-22,11.0,33.0,2022,11,22,Tuesday,0,0,1,0,0,0,0,1,0,1.115464915014914,5.5,0.31629999999999997
100537,0.9501187648456059,0,1,Self-Employed,-0.8294815922322621,-0.3016550943287794,0.15535390199637006,1,31.57,2025-09-07,6.0,186.0,2025,9,7,Sunday,0,1,0,0,0,0,1,0,0,0.36366701461931095,31.0,0.3157
100538,0.807600950118765,0,1,Salaried,0.054203805378993504,0.6292399979996985,-0.5669691470054448,1,40.62,2024-10-06,5.0,64.2,2024,10,6,Sunday,1,0,0,0,0,1,0,0,0,11.60877900730487,10.700000000000001,0.40619999999999995
100539,-0.28503562945368177,1,1,Salaried,-0.3860007254352819,-0.5069905554808404,0.38838475499092556,0,55.93,2010-03-08,9.0,293.0,2010,3,8,Monday,0,1,0,0,0,1,0,0,0,1.3134445664813756,48.833333333333336,0.5593
100540,-0.9026128266033255,1,2,Salaried,-0.9820775239481562,-0.4251329581396761,-0.8174228675136118,1,75.05,2025-05-20,7.0,282.0,2025,5,20,Tuesday,1,0,0,0,0,0,0,1,0,0.43289144469018404,47.0,0.7505
100541,-0.8551068883610452,1,2,Self-Employed,0.25433220043469545,0.6791804752037609,0.6526315789473682,0,86.96,2011-02-06,3.0,191.6,2011,2,6,Sunday,0,0,1,0,0,0,1,0,0,2.670446266901832,31.933333333333334,0.8695999999999999
100542,-0.09501187648456058,0,3,Self-Employed,-0.08288815766008453,-0.4631378020679173,0.7361161524500905,0,79.96,2021-02-21,3.0,71.0,2021,2,21,Sunday,0,1,0,0,0,0,1,0,0,5.587502667958865,11.833333333333334,0.7996
100543,0.9501187648456059,0,2,Unemployed,-0.7458456382662839,-0.13961093878890357,-0.04428312159709635,0,74.82,2016-06-02,0.0,16.0,2016,6,2,Thursday,0,0,0,1,1,0,0,0,0,0.1871847626721111,2.6666666666666665,0.7482
100544,-0.5700712589073635,0,2,Self-Employed,-0.10844559654182923,-0.6144184899081151,0.7615245009074408,0,59.64,2015-03-01,8.0,191.0,2015,3,1,Sunday,1,0,0,0,1,0,0,0,0,5.6656840803224675,31.833333333333332,0.5964
100545,0.28503562945368177,0,2,Self-Employed,-0.7794650361328119,-0.6032600906836434,-0.6068965517241381,0,24.71,2017-11-26,1.0,177.0,2017,11,26,Sunday,1,0,0,0,0,0,0,1,0,0.7739411810908409,29.5,0.24710000000000001
100546,-0.19002375296912116,0,2,Salaried,-0.5400044475761514,-0.5216156107023108,0.7869328493647911,0,60.88,2014-04-07,12.0,254.0,2014,4,7,Monday,0,0,0,1,0,0,1,0,0,0.9659468788518683,42.333333333333336,0.6088
100547,-0.47505938242280293,0,2,Salaried,0.5793645801536373,0.6375051668811081,-0.12776769509981867,1,73.0,2025-03-15,9.0,187.0,2025,3,15,Saturday,0,0,0,1,0,0,0,1,0,1.100352332053252,31.166666666666668,0.73
100548,0.6175771971496438,0,2,Salaried,0.10117446962598929,0.7637209589236948,-0.3491833030852996,1,66.28,2024-10-14,11.0,155.0,2024,10,14,Monday,0,1,0,0,1,0,0,0,0,7.5485541139670405,25.833333333333332,0.6628000000000001
100549,-0.9026128266033255,0,1,Self-Employed,-0.915180192011259,-0.5822335240725398,-0.4871143375680582,0,61.54,2013-01-25,8.8,295.0,2013,1,25,Friday,0,0,0,1,0,0,0,1,0,0.636195504617496,49.166666666666664,0.6154
100550,0.28503562945368177,0,2,Salaried,0.14821064159974728,-0.30719530964632613,0.17350272232304884,0,63.17,2024-01-28,9.0,118.0,2024,1,28,Sunday,0,0,0,1,0,0,1,0,0,-2.0726940139421806,19.666666666666668,0.6317
100551,0.19002375296912116,0,3,Salaried,0.21731074961627325,0.3052809030355946,-0.5306715063520873,0,75.97,2016-12-05,1.0,126.0,2016,12,5,Monday,1,0,0,0,0,0,0,1,0,1.4048127097930443,21.0,0.7597
100552,0.0,0,0,Salaried,0.9734024229360915,-0.33840249679716533,0.04283121597096172,0,57.16,2010-10-01,11.0,176.0,2010,10,1,Friday,0,1,0,0,0,1,0,0,0,-0.34764912108646256,29.333333333333332,0.5716
100553,0.19002375296912116,0,2,Self-Employed,-0.2057362061487601,-0.08685831085745796,-0.2185117967332125,0,16.83,2026-06-05,4.0,60.0,2026,6,5,Friday,0,0,0,1,1,0,0,0,0,0.4221829131750101,10.0,0.16829999999999998
100554,-0.7125890736342043,1,2,Salaried,-0.18266908153003927,0.9184991686435368,-0.5379310344827588,1,34.4,2016-08-14,2.0,216.0,2016,8,14,Sunday,0,0,0,1,0,0,0,1,0,-5.0282136470505705,36.0,0.344
100555,0.8551068883610452,1,2,Unemployed,-0.76220666562864,-0.5817587669891806,0.54010889292196,0,20.81,2019-04-27,7.0,300.0,2019,4,27,Saturday,0,0,0,1,0,0,0,0,1,0.7632559425459332,50.0,0.20809999999999998
100556,0.19002375296912116,0,2,Salaried,0.14406105327234375,4.9379936022306845,-0.3128856624319421,0,75.79,2012-12-18,10.6,155.0,2012,12,18,Tuesday,0,0,0,1,0,0,0,1,0,34.27708940108562,25.833333333333332,0.7579
100557,0.6175771971496438,0,2,Salaried,0.8660608814266101,0.9377312631291516,-0.8791288566243196,0,44.262,2018-03-17,5.0,92.0,2018,3,17,Saturday,0,0,1,0,0,0,0,0,1,1.0827544382151093,15.333333333333334,0.44262
100558,0.33254156769596205,0,2,Unemployed,-0.8769213542841646,-0.3654662149346615,0.9539019963702358,0,79.74,2016-02-11,1.0,178.0,2016,2,11,Thursday,0,1,0,0,0,0,1,0,0,0.4167605374748725,29.666666666666668,0.7974
100559,0.28503562945368177,0,1,Self-Employed,0.32488786511186035,0.701799782776005,0.15535390199637006,0,87.26,2015-10-07,10.0,89.0,2015,10,7,Wednesday,0,1,0,0,0,0,1,0,0,2.1601292573188973,14.833333333333334,0.8726
100560,0.5225653206650832,0,2,Unemployed,0.14004424833494636,-0.0672143984856875,0.3078039927404717,0,92.06,2020-10-22,3.0,214.0,2020,10,22,Thursday,0,0,0,1,0,0,1,0,0,-0.47995115318788106,35.666666666666664,0.9206
100561,-0.23752969121140147,1,2,Salaried,-0.9153129114999464,-0.49317029141190366,-0.3745916515426499,0,72.19,2016-08-14,4.0,157.0,2016,8,14,Sunday,1,0,0,0,0,0,1,0,0,0.5387996664482019,26.166666666666668,0.7219
100562,0.7600950118764846,1,0,Salaried,0.7113872604622742,0.05280693825104969,-0.5125226860254085,0,77.38,2017-08-06,2.0,32.0,2017,8,6,Sunday,0,0,0,1,0,0,1,0,0,0.07423093044530296,5.333333333333333,0.7737999999999999
100563,-0.33254156769596205,1,2,Unemployed,0.47979023504646745,0.8210792321865704,0.3695099818511795,0,91.66,2020-07-03,9.0,205.0,2020,7,3,Friday,0,1,0,0,0,0,1,0,0,1.7113296024189597,34.166666666666664,0.9166
100564,0.9976247030878861,1,2,Self-Employed,-0.3358361046554939,-0.5622697065544339,-0.4653357531760437,0,72.87,2013-02-27,4.0,46.0,2013,2,27,Wednesday,0,0,1,0,0,1,0,0,0,1.674238412011178,7.666666666666667,0.7287
100565,0.3800475059382423,0,2,Salaried,-0.13541505931090744,0.23973407091881485,-0.22214156079854827,0,82.41,2015-01-23,10.0,140.0,2015,1,23,Friday,0,0,0,1,0,0,1,0,0,-1.770364922031273,23.333333333333332,0.8240999999999999
100566,-0.9501187648456059,0,0,Salaried,-0.061192887849802015,0.6861271991778096,0.9756805807622503,0,65.7,2026-03-30,5.0,100.0,2026,3,30,Monday,0,1,0,0,1,0,0,0,0,-11.212531771043546,16.666666666666668,0.657
100567,0.33254156769596205,1,0,Unemployed,-0.11763395827010906,0.3137501938286953,0.9647912885662431,0,92.05,2018-11-30,4.0,293.0,2018,11,30,Friday,0,0,0,1,0,0,0,1,0,-2.6671736498764034,48.833333333333336,0.9205
100568,-0.807600950118765,0,3,Salaried,-0.10655427371408698,1.698113962211075,0.24246823956442815,0,37.92,2022-07-02,5.0,282.0,2022,7,2,Saturday,1,0,0,0,0,0,0,1,0,-15.93661054616692,47.0,0.37920000000000004
100569,-0.33254156769596205,0,2,Self-Employed,-0.543904460428526,-0.08483475304489338,-0.2802177858439203,0,6.25,2018-11-07,6.0,272.0,2018,11,7,Wednesday,0,0,0,1,0,1,0,0,0,0.15597362996077402,45.333333333333336,0.0625
100570,-0.14251781472684089,0,2,Salaried,-0.8406087998439299,-0.6113720153935592,0.6526315789473682,0,16.12,2022-01-13,3.0,248.0,2022,1,13,Thursday,0,1,0,0,0,0,1,0,0,0.7272967110349886,41.333333333333336,0.1612
100571,-0.33254156769596205,1,2,Salaried,8.858831867254773,0.9858253823985403,-0.19673321234119798,0,65.55,2018-04-08,9.0,269.0,2018,4,8,Sunday,0,1,0,0,0,0,0,1,0,0.11128164493588405,44.833333333333336,0.6555
100572,-0.7600950118764846,1,1,Self-Employed,0.2922909504694335,0.9397212909915875,-0.3165154264972778,0,28.59,2025-01-29,12.0,234.0,2025,1,29,Wednesday,0,0,1,0,0,1,0,0,0,3.215020134842866,39.0,0.2859
100573,-0.33254156769596205,1,2,Unemployed,-0.4726892010155206,-0.2524961680265144,0.1989110707803991,0,38.748000000000005,2018-07-19,2.0,26.0,2018,7,19,Thursday,0,1,0,0,0,0,0,1,0,0.5341695293314387,4.333333333333333,0.38748000000000005
100574,-0.28503562945368177,0,1,Unemployed,-0.5100504293453049,0.07278770161784194,-0.3419237749546281,1,14.75,2018-05-02,10.0,80.0,2018,5,2,Wednesday,0,0,0,1,1,0,0,0,0,-0.1427068725562518,13.333333333333334,0.1475
100575,-0.5225653206650832,0,2,Salaried,0.07140988330409992,0.07035996762868604,-0.6105263157894738,0,47.43,2015-03-31,1.0,49.0,2015,3,31,Tuesday,0,0,1,0,0,0,1,0,0,0.9852973338306297,8.166666666666666,0.4743
100576,-0.807600950118765,1,2,Salaried,-0.12368460550116007,0.6186783370293484,-0.4508166969147007,0,84.58,2023-11-24,7.0,11.0,2023,11,24,Friday,0,1,0,0,0,0,0,1,0,-5.002064198066635,1.8333333333333333,0.8458
100577,-0.9976247030878861,0,1,Salaried,-0.23600884345436104,-0.6438734698737187,0.8196007259528129,0,34.52,2022-08-05,6.0,81.0,2022,8,5,Friday,1,0,0,0,1,0,0,0,0,2.7281751838177617,13.5,0.3452
100578,-0.9026128266033255,0,1,Self-Employed,8.858831867254773,-0.3722964530805294,0.979310344827586,0,24.92,2023-09-07,1.0,293.0,2023,9,7,Thursday,0,1,0,0,0,0,1,0,0,-0.042025456477694595,48.833333333333336,0.2492
100579,-0.09501187648456058,0,0,Unemployed,0.2905790075182231,0.0678326245261179,-0.9880217785843922,1,62.19,2011-06-02,6.0,140.0,2011,6,2,Thursday,0,0,0,1,1,0,0,0,0,0.23343952168280396,23.333333333333332,0.6219
100580,-0.23752969121140147,0,2,Unemployed,0.31870487114981394,-0.052855830400817615,0.44573502722323033,0,86.84,2020-05-31,4.0,211.0,2020,5,31,Sunday,0,0,1,0,0,0,1,0,0,-0.1658456935726333,35.166666666666664,0.8684000000000001
100581,0.3800475059382423,1,2,Salaried,-0.6441885805570142,-0.14207077181686634,-0.11687840290381142,0,63.43,2016-10-11,7.0,126.0,2016,10,11,Tuesday,0,0,0,1,0,0,0,1,0,0.22054220783302492,21.0,0.6343
100582,0.5225653206650832,0,2,Self-Employed,-0.11663192346796453,0.7696752703311532,-0.8682395644283123,1,17.58,2012-08-13,5.0,15.0,2012,8,13,Monday,0,0,0,1,0,0,1,0,0,-6.599181831572563,2.5,0.17579999999999998
100583,-0.9976247030878861,1,2,Self-Employed,-0.09797063501436137,0.3312701032364132,0.979310344827586,1,32.39,2010-11-01,11.0,55.0,2010,11,1,Monday,0,0,1,0,0,0,0,0,1,-3.381320363881002,9.166666666666666,0.3239
100584,-0.4275534441805226,0,2,Salaried,-1.002523150221849,-0.44933036796791026,-0.8355716878402906,1,15.45,2021-01-18,12.0,169.0,2021,1,18,Monday,0,1,0,0,0,1,0,0,0,0.44819949331691505,28.166666666666668,0.1545
100585,0.04750593824228029,1,3,Self-Employed,-0.8414458361163041,-0.38368869376251474,-0.7666061705989112,0,84.85,2015-04-08,3.0,213.0,2015,4,8,Wednesday,0,1,0,0,0,0,0,1,0,0.45598739371440844,35.5,0.8484999999999999
100586,-0.7600950118764846,0,0,Salaried,-0.34717089392564154,0.27853691319022555,0.4892921960072594,0,39.98,2013-01-16,8.0,86.0,2013,1,16,Wednesday,0,0,1,0,0,0,0,0,1,-0.802304911107795,14.333333333333334,0.3998
100587,0.5225653206650832,1,2,Salaried,-0.12557155818872393,-0.5234645812559705,-0.2192377495462798,0,65.34,2018-04-28,5.6,296.0,2018,4,28,Saturday,0,0,1,0,0,1,0,0,0,4.168655616021308,49.333333333333336,0.6534
100588,0.9976247030878861,1,1,Unemployed,-0.9579739465670708,-0.6290860705278546,0.3949183303085298,0,90.14,2025-08-15,8.0,132.0,2025,8,15,Friday,0,0,1,0,0,0,0,1,0,0.6566839033380855,22.0,0.9014
100589,0.3800475059382423,1,1,Salaried,0.3002181752989564,1.1158146162177365,0.5437386569872956,0,57.86,2019-05-27,3.0,145.0,2019,5,27,Monday,0,1,0,0,1,0,0,0,0,3.7166790954831814,24.166666666666668,0.5786
100590,0.9976247030878861,1,2,Salaried,-0.1933846936483698,0.5890581752331908,-0.8646098003629765,0,18.91,2026-04-19,10.0,20.0,2026,4,19,Sunday,0,0,1,0,1,0,0,0,0,-3.0460434283608384,3.3333333333333335,0.1891
100591,0.7600950118764846,0,1,Salaried,-0.5565839641970673,-0.5599044503337746,0.9647912885662431,0,63.94,2019-04-22,7.0,287.0,2019,4,22,Monday,1,0,0,0,0,0,0,0,1,1.0059658314833009,47.833333333333336,0.6394
100592,0.0,0,2,Self-Employed,-0.613270034047976,-0.6178661581942043,-0.5851179673321236,0,60.41,2020-12-22,11.0,51.0,2020,12,22,Tuesday,0,0,1,0,1,0,0,0,0,1.0074944541410102,8.5,0.6041
100593,0.3800475059382423,1,0,Salaried,-0.6102204856200677,-0.46629714172268066,0.6816696914700543,1,7.94,2016-04-10,3.0,118.0,2016,4,10,Sunday,0,1,0,0,0,0,0,1,0,0.764145342070676,19.666666666666668,0.0794
100594,0.5225653206650832,1,2,Salaried,0.8012313606593197,1.2757664176580181,0.20617059891107062,0,24.55,2018-04-24,0.0,9.0,2018,4,24,Tuesday,0,1,0,0,0,0,1,0,0,1.5922572184496269,1.5,0.2455
100595,-0.4275534441805226,0,1,Salaried,-0.06550307971628477,-0.39198751317646763,-0.18584392014519072,1,90.55,2019-12-22,3.0,134.0,2019,12,22,Sunday,1,0,0,0,0,0,0,0,1,5.984260814518852,22.333333333333332,0.9055
100596,0.3800475059382423,1,1,Unemployed,-0.10492916022961639,-0.09663627455902797,-0.4980036297640655,0,13.94,2018-02-19,4.0,221.0,2018,2,19,Monday,0,0,0,1,0,1,0,0,0,0.920966815588335,36.833333333333336,0.1394
100597,0.807600950118765,1,1,Salaried,0.38351619779166585,-0.5320844473297852,-0.4980036297640655,1,38.06,2025-05-19,4.0,271.0,2025,5,19,Monday,1,0,0,0,1,0,0,0,0,-1.3873845495798975,45.166666666666664,0.38060000000000005
100598,0.28503562945368177,1,1,Salaried,-0.7189412838407266,-0.16911584791304188,-0.3709618874773141,0,37.28,2024-06-18,10.0,196.0,2024,6,18,Tuesday,1,0,0,0,0,0,0,0,1,0.23522901204058216,32.666666666666664,0.3728
100599,-0.4275534441805226,1,3,Salaried,-0.06684074376919151,0.03666551896994202,-0.9517241379310346,0,29.83,2018-12-06,7.0,37.0,2018,12,6,Thursday,0,0,0,1,0,1,0,0,0,-0.5485504334983482,6.166666666666667,0.2983
100600,-0.3800475059382423,1,3,Salaried,-0.7350397477850454,0.2709286965975679,-0.9843920145190564,0,90.41,2012-09-27,10.0,157.0,2012,9,27,Thursday,0,0,1,0,0,0,0,1,0,-0.3685905386939675,26.166666666666668,0.9041
100601,-0.9976247030878861,2,1,Salaried,0.6254660267141905,1.0431121342118128,-0.6395644283121599,0,13.25,2020-03-14,12.0,211.0,2020,3,14,Saturday,0,1,0,0,0,1,0,0,0,1.6677358795835406,35.166666666666664,0.1325
100602,-0.05700712589073648,0,2,Salaried,-0.5928900752543418,-0.3761792148743522,-0.11687840290381142,0,62.75,2014-10-04,4.0,137.0,2014,10,4,Saturday,0,1,0,0,0,0,0,1,0,0.6344839129124845,22.833333333333332,0.6275
100603,-1.0451306413301664,1,1,Salaried,0.13266360165914895,0.37639061996389434,0.2199637023593463,0,92.4,2023-05-24,9.0,102.0,2023,5,24,Wednesday,1,0,0,0,0,1,0,0,0,2.837180773449453,17.0,0.924
100604,0.09501187648456058,1,2,Salaried,-1.0121841598282917,-0.5448131189921157,0.4275862068965516,0,75.81,2011-02-19,7.0,188.0,2011,2,19,Saturday,1,0,0,0,0,0,1,0,0,0.5382549348376866,31.333333333333332,0.7581
100605,0.47505938242280293,1,2,Self-Employed,0.2193913765503352,0.42922779224573604,-0.23303085299455553,0,93.99,2015-06-19,2.0,155.0,2015,6,19,Friday,0,0,0,1,0,0,0,1,0,1.9564478740907023,25.833333333333332,0.9399
100606,0.7600950118764846,0,2,Unemployed,-0.29230274558782743,-0.5965241319084558,0.42032667876588004,0,23.47,2022-08-31,12.0,98.0,2022,8,31,Wednesday,0,1,0,0,0,0,0,0,1,2.0407749872784544,16.333333333333332,0.2347
100607,-0.9976247030878861,1,2,Self-Employed,0.11285027893313875,0.6921918000850962,-0.490744101633394,0,66.956,2022-06-07,3.0,162.0,2022,6,7,Tuesday,0,0,1,0,0,1,0,0,0,6.133718114203371,27.0,0.66956
100608,0.5225653206650832,1,2,Self-Employed,0.7519218371495975,1.1789833943002377,-0.16769509981851197,1,78.17,2014-11-05,7.0,65.0,2014,11,5,Wednesday,0,0,0,1,0,0,1,0,0,1.567960040593521,10.833333333333334,0.7817000000000001
100609,0.4275534441805226,0,0,Salaried,-0.43778404471716653,0.06518324398099354,-0.548820326678766,0,34.57,2015-03-24,1.0,246.0,2015,3,24,Tuesday,1,0,0,0,0,0,0,0,1,-0.1488936035188437,41.0,0.3457
100610,0.9501187648456059,0,2,Salaried,0.34459195208377386,0.7701949081892828,-0.7593466424682397,1,75.98,2013-04-23,4.0,216.0,2013,4,23,Tuesday,1,0,0,0,1,0,0,0,0,2.2350925595674984,36.0,0.7598
100611,-0.8551068883610452,1,1,Salaried,-0.8165876729142223,-0.52492148210748,-0.45444646098003644,0,5.26,2023-05-15,6.0,296.0,2023,5,15,Monday,0,0,1,0,0,1,0,0,0,0.6428231768845474,49.333333333333336,0.0526
100612,0.47505938242280293,0,1,Unemployed,0.07306288616407222,0.3590205141094358,0.2860254083484572,0,93.88,2013-03-31,2.0,46.0,2013,3,31,Sunday,0,1,0,0,0,0,0,1,0,4.913856171835431,7.666666666666667,0.9388
100613,-0.23752969121140147,1,3,Salaried,0.9090624572708467,1.1645679273932605,0.5255898366606169,0,27.56,2022-02-12,0.0,236.0,2022,2,12,Saturday,0,1,0,0,0,0,1,0,0,1.2810648136207086,39.333333333333336,0.2756
100614,0.3800475059382423,0,2,Salaried,0.8078259501147035,0.16626521531769745,-0.03702359346642485,1,14.89,2013-11-30,7.0,50.0,2013,11,30,Saturday,0,0,0,1,0,0,1,0,0,0.20581811625894092,8.333333333333334,0.1489
100615,-0.23752969121140147,0,1,Salaried,0.927110257565026,4.9379936022306845,-0.4072595281306717,0,38.672000000000004,2010-07-31,8.4,201.0,2010,7,31,Saturday,0,1,0,0,0,0,1,0,0,5.326220438116922,33.5,0.38672000000000006
100616,-0.5700712589073635,0,1,Salaried,1.0044462160296128,1.04069232650672,0.6344827586206895,0,76.1,2018-01-13,0.0,300.0,2018,1,13,Saturday,0,0,1,0,0,1,0,0,0,1.0360856658113375,50.0,0.7609999999999999
100617,-0.47505938242280293,0,2,Unemployed,-0.7371512692316203,-0.3932472215857202,-0.4000000000000002,0,58.0,2015-05-04,3.0,120.0,2015,5,4,Monday,0,1,0,0,0,0,0,1,0,0.5334688251919132,20.0,0.58
100618,-1.0451306413301664,1,2,Unemployed,0.8686281701530143,-0.22550291021337138,0.8813067150635207,0,20.68,2010-05-10,9.0,161.0,2010,5,10,Monday,0,0,0,1,0,0,1,0,0,-0.2596081015581703,26.833333333333332,0.20679999999999998
100619,0.33254156769596205,0,2,Self-Employed,0.8572639330252056,0.2755976284035559,-0.5851179673321236,0,16.41,2011-03-06,11.0,271.0,2011,3,6,Sunday,0,0,1,0,0,0,0,1,0,0.3214851550222079,45.166666666666664,0.1641
100620,-0.7125890736342043,0,1,Salaried,0.6896266071777934,0.4698142252855283,-0.6613430127041744,0,52.35,2019-06-11,5.0,255.0,2019,6,11,Tuesday,0,1,0,0,0,0,0,0,1,0.6812588441275221,42.5,0.5235
100621,0.8551068883610452,1,2,Self-Employed,-0.6387878097362645,-0.5975978540011958,0.6526315789473682,0,47.86,2011-06-05,6.0,14.0,2011,6,5,Sunday,0,0,1,0,0,0,0,1,0,0.9355185632736562,2.3333333333333335,0.47859999999999997
100622,-0.02850356294536824,1,1,Self-Employed,0.9007304442134556,1.900068975753857,0.3368421052631577,0,51.19,2018-02-13,9.0,263.0,2018,2,13,Tuesday,0,0,0,1,1,0,0,0,0,2.109475690491458,43.833333333333336,0.5119
100623,0.0,1,1,Salaried,0.9709879914889211,1.8873715751310853,-0.6794918330308531,1,45.68,2012-06-12,10.0,135.0,2012,6,12,Tuesday,0,1,0,0,1,0,0,0,0,1.943764075019068,22.5,0.4568
100624,0.14251781472684089,0,1,Self-Employed,0.8066763653928429,1.3005237398709086,0.5364791288566242,1,90.09,2014-12-20,7.4,15.0,2014,12,20,Saturday,1,0,0,0,0,0,0,0,1,1.6122001284090768,2.5,0.9009
100625,0.7125890736342043,1,1,Unemployed,0.03984248103082147,-0.1059208712912289,0.391288566243194,1,70.45,2010-12-22,1.0,285.0,2010,12,22,Wednesday,0,0,1,0,1,0,0,0,0,-2.6584908507402014,47.5,0.7045
100626,0.807600950118765,0,1,Salaried,0.1275891446969368,0.957156848980773,-0.26206896551724157,1,51.93,2024-10-11,0.0,159.0,2024,10,11,Friday,0,0,0,1,1,0,0,0,0,7.5018674296650625,26.5,0.5193
100627,0.6080760095011876,0,2,Salaried,0.16319396540797523,0.23814134603532944,0.7179673321234118,0,62.9,2020-04-10,11.0,75.0,2020,4,10,Friday,0,1,0,0,0,0,0,1,0,1.4592533825622178,12.5,0.629
100628,-0.6650831353919241,1,1,Self-Employed,-0.4494107494110344,-0.4820637024316367,-0.0950998185117969,1,10.47,2010-09-13,4.0,63.0,2010,9,13,Monday,0,0,0,1,0,0,1,0,0,1.0726572585622283,10.5,0.1047
100629,0.3800475059382423,2,2,Salaried,-0.05243380097967589,0.005120910067317864,-0.04428312159709635,0,81.26,2020-09-28,8.0,108.0,2020,9,28,Monday,0,1,0,0,1,0,0,0,0,-0.09766429233888277,18.0,0.8126000000000001
100630,0.9976247030878861,0,2,Salaried,0.6986928818867884,-0.24426571080289797,-0.7883847549909258,1,66.75,2019-07-25,3.0,143.2,2019,7,25,Thursday,1,0,0,0,1,0,0,0,0,-0.3496038347253081,23.866666666666664,0.6675
100631,0.9976247030878861,1,0,Salaried,0.03835003378393942,1.2108671131084534,-0.8246823956442833,1,69.12,2020-12-30,1.0,298.0,2020,12,30,Wednesday,0,0,1,0,0,0,0,0,1,31.574082044630465,49.666666666666664,0.6912
100632,0.807600950118765,0,2,Salaried,-0.8471773672623448,-0.3260554282833848,0.19528130671506336,0,11.61,2019-12-13,11.0,56.0,2019,12,13,Friday,0,0,1,0,0,0,1,0,0,0.38487268532330304,9.333333333333334,0.1161
100633,-0.28503562945368177,0,0,Salaried,0.653465498862673,-0.6261603793987413,0.921234119782214,0,33.99,2011-10-24,4.0,242.0,2011,10,24,Monday,1,0,0,0,1,0,0,0,0,-0.9582149026820007,40.333333333333336,0.33990000000000004
100634,0.14251781472684089,1,1,Salaried,-0.5864926036165151,-0.5082768804484424,0.9502722323049,0,10.91,2013-04-30,5.0,165.0,2013,4,30,Tuesday,0,0,1,0,0,0,0,0,1,0.8666381763627237,27.5,0.1091
100635,0.9976247030878861,0,1,Salaried,-0.8017610670898945,-0.5921447554588931,-0.9408348457350274,0,61.19,2016-03-02,0.0,75.0,2016,3,2,Wednesday,0,1,0,0,0,0,1,0,0,0.7385551378893547,12.5,0.6119
100636,0.9976247030878861,1,3,Salaried,0.530488627090709,0.133004437294193,0.12631578947368405,1,54.35,2023-02-17,9.0,142.0,2023,2,17,Friday,0,0,0,1,0,0,0,1,0,0.2507206196363007,23.666666666666668,0.5435
100637,0.0855106888361044,1,2,Salaried,-0.6097031423196078,0.09130908817420863,0.5764065335753175,0,39.28,2017-04-17,6.0,209.0,2017,4,17,Monday,0,0,1,0,0,0,0,1,0,-0.14975991074414408,34.833333333333336,0.39280000000000004
100638,-0.9026128266033255,1,2,Salaried,-0.8197741210420773,-0.2786909210503461,0.9030852994555352,0,52.75,2023-05-26,12.0,220.0,2023,5,26,Friday,0,0,0,1,1,0,0,0,0,0.3399606231727355,36.666666666666664,0.5275
100639,-0.7600950118764846,0,0,Self-Employed,0.5118763740239586,1.1316958186478105,-0.24029038112522702,0,50.5,2020-03-05,0.0,86.0,2020,3,5,Thursday,0,1,0,0,0,1,0,0,0,2.21087722754487,14.333333333333334,0.505
100640,-0.5700712589073635,0,0,Self-Employed,0.8975241334257316,2.0095476874641194,0.09509981851179648,0,13.93,2019-08-26,7.0,97.0,2019,8,26,Monday,0,1,0,0,0,0,0,0,1,2.2389901425758216,16.166666666666668,0.1393
100641,0.7600950118764846,1,0,Salaried,-1.0121841598282917,-0.6112814499612532,-0.2911070780399276,0,15.3,2025-09-27,11.0,71.0,2025,9,27,Saturday,0,1,0,0,0,1,0,0,0,0.6039231537321744,11.833333333333334,0.153
100642,0.5225653206650832,1,3,Unemployed,0.7110816080300884,0.5563488929417933,-0.3165154264972778,1,28.384000000000004,2024-09-07,1.0,132.2,2024,9,7,Saturday,0,1,0,0,0,0,0,1,0,0.7823980913851062,22.03333333333333,0.28384000000000004
100643,-0.5700712589073635,0,1,Salaried,-0.20255433761540584,0.3446730556843782,0.16261343012704157,1,69.88,2022-05-14,8.0,300.0,2022,5,14,Saturday,0,0,0,1,0,0,0,1,0,-1.7016325581672616,50.0,0.6988
100644,0.47505938242280293,1,2,Salaried,-0.9581599349049691,-0.5628442415665861,-0.5742286751361163,0,43.71,2014-10-28,8.0,272.0,2014,10,28,Tuesday,1,0,0,0,1,0,0,0,0,0.587422016995951,45.333333333333336,0.4371
100645,0.7125890736342043,0,1,Salaried,0.9863045872992692,0.5967634880017372,-0.7448275862068967,0,42.24,2015-02-15,7.0,182.0,2015,2,15,Sunday,0,0,0,1,1,0,0,0,0,0.6050498960324356,30.333333333333332,0.4224
100646,0.9501187648456059,1,3,Salaried,-0.8252213179458365,-0.4517898874815946,-0.6867513611615247,1,40.89,2020-03-04,7.6,32.0,2020,3,4,Wednesday,0,1,0,0,1,0,0,0,0,0.5474772375078752,5.333333333333333,0.4089
100647,0.09501187648456058,0,2,Self-Employed,-0.6943664342348651,-0.4221510514888057,-0.2656987295825773,0,13.56,2026-05-13,7.0,258.0,2026,5,13,Wednesday,0,1,0,0,0,0,0,0,1,0.6079658098018255,43.0,0.1356
100648,0.09501187648456058,1,2,Salaried,0.4273393670896116,0.6062809856486167,0.010163339382939944,0,33.13,2019-07-29,4.0,30.0,2019,7,29,Monday,0,0,0,1,1,0,0,0,0,1.4187342246928578,5.0,0.33130000000000004
100649,-0.04750593824228029,1,3,Salaried,-0.7383251630801034,-0.3903064656935906,-0.548820326678766,0,38.69,2015-09-20,1.0,240.0,2015,9,20,Sunday,0,0,0,1,1,0,0,0,0,0.5286376317791094,40.0,0.38689999999999997
100650,-0.4275534441805226,0,0,Self-Employed,0.049308367960877494,0.5870218517623179,-0.9045372050816699,0,66.81,2013-06-04,5.0,65.0,2013,6,4,Tuesday,0,0,1,0,1,0,0,0,0,11.905116231550716,10.833333333333334,0.6681
100651,0.7125890736342043,0,1,Self-Employed,0.5234506068600617,0.864613752529309,0.9284936479128855,0,11.04,2020-08-21,0.0,290.0,2020,8,21,Friday,0,0,1,0,1,0,0,0,0,1.6517580478428087,48.333333333333336,0.1104
100652,-0.5225653206650832,1,2,Salaried,-0.33425547003885153,0.32026522150357534,-0.9372050816696916,0,36.04,2011-12-01,10.0,160.0,2011,12,1,Thursday,0,0,0,1,0,0,0,1,0,-0.9581450423723804,26.666666666666668,0.3604
100653,0.19002375296912116,0,1,Salaried,-0.26688171827095664,-0.09292669322927115,-0.8827586206896554,1,72.01,2012-03-02,5.0,191.0,2012,3,2,Friday,0,1,0,0,0,0,1,0,0,0.3481943005737305,31.833333333333332,0.7201000000000001
100654,-0.6175771971496438,0,1,Salaried,0.5313566998785266,0.6582882615191732,0.8196007259528129,0,78.06,2018-05-11,12.0,247.0,2018,5,11,Friday,0,0,1,0,0,0,0,0,1,1.2388820196859556,41.166666666666664,0.7806000000000001
100655,0.6175771971496438,1,2,Salaried,-0.02318464091868796,0.8571471688254875,0.3078039927404717,0,10.4,2022-06-24,6.2,118.0,2022,6,24,Friday,0,0,1,0,0,0,1,0,0,-36.970474195896855,19.666666666666668,0.10400000000000001
100656,-0.14251781472684089,1,1,Salaried,0.6251302075345091,0.7676600166275513,0.26424682395644267,0,55.55,2022-08-06,12.0,154.0,2022,8,6,Saturday,0,1,0,0,1,0,0,0,0,1.2280001947996957,25.666666666666668,0.5555
100657,-0.04750593824228029,2,1,Self-Employed,-0.5319270901486188,-0.09460265213424555,-0.6903811252268605,0,16.0,2025-01-10,7.0,76.0,2025,1,10,Friday,0,0,0,1,0,0,0,1,0,0.17784890802950806,12.666666666666666,0.16
100658,-0.19002375296912116,1,0,Salaried,-0.09274268175972906,0.6077696318305161,0.9103448275862067,0,83.62,2017-12-06,3.0,101.0,2017,12,6,Wednesday,0,0,1,0,0,0,1,0,0,-6.553289384116378,16.833333333333332,0.8362
100659,-1.0451306413301664,0,3,Salaried,-0.2381287874497365,0.06824658395595942,0.8123411978221414,0,83.13,2019-06-27,3.0,178.0,2019,6,27,Thursday,0,1,0,0,0,1,0,0,0,-0.2865952692526295,29.666666666666668,0.8312999999999999
100660,-0.09501187648456058,0,1,Salaried,0.954318240881013,-0.07529932077352665,-0.7230490018148822,0,9.63,2026-03-04,9.0,68.0,2026,3,4,Wednesday,1,0,0,0,0,0,0,0,1,-0.07890378444826894,11.333333333333334,0.09630000000000001
100661,0.20902612826603323,1,1,Salaried,0.6149371129484097,0.8581519418934725,-0.6613430127041744,0,59.04,2016-06-14,6.8,260.0,2016,6,14,Tuesday,0,1,0,0,0,0,0,0,1,1.395511709772943,43.333333333333336,0.5904
100662,-0.807600950118765,0,0,Self-Employed,-0.06317693504092581,-0.34219178310307286,-0.7194192377495464,0,162.24,2017-11-20,6.0,252.0,2017,11,20,Monday,1,0,0,0,0,0,1,0,0,5.416403674559429,42.0,1.6224
100663,0.4275534441805226,0,2,Salaried,-0.18868405052486434,0.1481401059858732,0.9103448275862067,0,24.15,2021-05-19,2.0,70.0,2021,5,19,Wednesday,0,0,0,1,0,0,0,0,1,-0.7851225663949357,11.666666666666666,0.2415
100664,-0.5700712589073635,0,2,Salaried,0.07893932597532584,1.4707930550469797,0.7324863883847548,0,347.84,2024-09-23,6.0,219.0,2024,9,23,Monday,0,0,1,0,0,0,0,0,1,18.631943418248937,36.5,3.4783999999999997
100665,0.7600950118764846,0,3,Self-Employed,-0.9184758137669289,-0.5890497746582966,0.714337568058076,0,36.51,2012-06-05,5.0,155.0,2012,6,5,Tuesday,0,0,0,1,0,1,0,0,0,0.6413340077431511,25.833333333333332,0.3651
100666,0.9501187648456059,0,1,Self-Employed,0.8342967429686501,-0.26331379170030556,0.5292196007259526,0,38.08,2022-06-23,11.0,267.0,2022,6,23,Thursday,0,0,0,1,0,0,1,0,0,-0.31561167404701224,44.5,0.38079999999999997
100667,0.8551068883610452,1,1,Salaried,-0.05911071663387379,-0.4828623438810183,0.14809437386569857,0,56.67,2016-04-01,8.0,116.0,2016,4,1,Friday,0,0,1,0,0,0,0,0,1,8.168778376885907,19.333333333333332,0.5667
100668,0.19002375296912116,1,1,Salaried,-0.9817703538596535,-0.45411366335157954,-0.3136116152450092,0,81.06,2019-08-17,10.0,72.0,2019,8,17,Saturday,0,1,0,0,0,1,0,0,0,0.46254570793089583,12.0,0.8106
100669,0.8551068883610452,0,2,Salaried,0.8041681676357907,0.1846360828651437,0.10453720508166953,0,60.22,2023-12-12,11.0,170.0,2023,12,12,Tuesday,0,0,0,1,1,0,0,0,0,0.22959884548522164,28.333333333333332,0.6022
100670,0.0,0,1,Self-Employed,0.6934839126488945,-0.05991127630330283,0.8558983666061705,0,55.11,2024-05-31,10.0,218.0,2024,5,31,Friday,0,1,0,0,0,0,0,0,1,-0.08639173196456748,36.333333333333336,0.5511
100671,0.9026128266033255,0,2,Salaried,0.19328287754737866,0.7760143280687728,0.15898366606170583,0,88.62,2023-08-29,6.0,189.4,2023,8,29,Tuesday,1,0,0,0,0,0,0,0,1,4.014915019456659,31.566666666666666,0.8862000000000001
100672,0.04750593824228029,0,3,Salaried,-0.8218401039239569,-0.5563031520124644,0.01742286751361145,0,29.07,2025-07-21,10.0,33.0,2025,7,21,Monday,0,0,1,0,0,0,1,0,0,0.6768994958463818,5.5,0.2907
100673,0.6650831353919241,1,2,Salaried,0.08193751904350825,0.15080546450483476,-0.0878402903811254,0,29.59,2014-01-17,4.0,79.0,2014,1,17,Friday,1,0,0,0,0,1,0,0,0,1.8404934182197792,13.166666666666666,0.2959
100674,0.0,1,2,Salaried,0.948918206700464,1.087509421732098,-0.8029038112522687,0,87.94,2016-12-06,0.0,188.0,2016,12,6,Tuesday,1,0,0,0,0,1,0,0,0,1.1460518030458464,31.333333333333332,0.8794
100675,-0.33254156769596205,0,2,Self-Employed,0.8178641461294469,1.1943848877291199,0.979310344827586,0,5.55,2017-11-15,3.0,292.0,2017,11,15,Wednesday,1,0,0,0,1,0,0,0,0,1.460370763752834,48.666666666666664,0.0555
100676,0.04750593824228029,1,3,Unemployed,-0.4222332079732204,0.295583198989283,-0.13357531760435595,1,45.077999999999996,2013-03-19,11.0,29.0,2013,3,19,Tuesday,0,0,0,1,0,1,0,0,0,-0.7000472568420767,4.833333333333333,0.45077999999999996
100677,0.23752969121140147,0,2,Salaried,-0.8768565920727862,-0.3456481654783347,0.8232304900181486,0,11.26,2018-12-28,5.0,287.0,2018,12,28,Friday,0,0,0,1,1,0,0,0,0,0.3941900746406695,47.833333333333336,0.11259999999999999
100678,-0.09501187648456058,0,2,Self-Employed,0.0007895806681205826,-0.0975240505293937,0.391288566243194,0,92.46,2024-03-14,7.0,120.0,2024,3,14,Thursday,0,1,0,0,0,0,0,1,0,-123.51372629414489,20.0,0.9246
100679,0.09501187648456058,0,2,Self-Employed,-0.7615550230568937,4.9379936022306845,0.1299455535390198,0,72.15,2012-01-22,8.0,105.0,2012,1,22,Sunday,0,0,1,0,0,0,0,1,0,-6.484093010652732,17.5,0.7215
100680,-0.7600950118764846,1,2,Self-Employed,0.5903094648780438,0.10658341538849417,0.7724137931034482,0,38.86,2014-10-29,10.0,43.0,2014,10,29,Wednesday,0,0,1,0,0,1,0,0,0,0.18055515239030429,7.166666666666667,0.3886
100681,-0.33254156769596205,1,2,Salaried,-0.18830894978460205,-0.4150685629701055,0.3985480943738655,0,35.68,2020-03-05,6.0,147.0,2020,3,5,Thursday,1,0,0,0,0,0,0,0,1,2.2041892509351433,24.5,0.3568
100682,-0.4275534441805226,1,3,Self-Employed,-0.2670068743285714,1.091928300980733,0.714337568058076,1,33.05,2018-04-20,5.0,243.0,2018,4,20,Friday,0,1,0,0,0,1,0,0,0,-4.089513813929134,40.5,0.33049999999999996
100683,-0.9501187648456059,1,2,Salaried,0.9308556736022713,-0.17211298814230927,-0.5669691470054448,1,74.92,2017-04-11,0.0,159.0,2017,4,11,Tuesday,0,0,0,1,0,0,0,0,1,-0.18489760875201838,26.5,0.7492
100684,0.19002375296912116,0,2,Salaried,-0.5795527074106724,-0.4946460111589419,0.3078039927404717,0,58.66,2022-09-24,5.0,274.0,2022,9,24,Saturday,0,0,0,1,1,0,0,0,0,0.8534961614948242,45.666666666666664,0.5866
100685,0.04750593824228029,1,2,Unemployed,-0.4591331131585295,-0.0023186149426335442,0.5509981851179672,1,19.0,2011-03-07,6.0,283.0,2011,3,7,Monday,0,0,1,0,0,1,0,0,0,0.005049984146608421,47.166666666666664,0.19
100686,-1.0451306413301664,1,1,Salaried,-0.5304774621103177,-0.15013212426203545,0.699818511796733,0,9.48,2023-11-10,5.0,174.0,2023,11,10,Friday,1,0,0,0,1,0,0,0,0,0.28301320034368227,29.0,0.09480000000000001
100687,-0.7125890736342043,0,2,Self-Employed,0.41696047941964304,0.9309247314860237,-0.05154264972776786,1,29.49,2011-10-31,8.0,9.0,2011,10,31,Monday,0,0,0,1,0,0,0,0,1,2.2326450045859376,1.5,0.2949
100688,0.513064133016627,1,2,Salaried,0.20677609360700042,0.5983750317807514,-0.8355716878402906,1,43.16,2024-11-05,9.0,129.0,2024,11,5,Tuesday,0,0,1,0,0,0,0,0,1,2.893830816429029,21.5,0.4316
100689,0.7600950118764846,1,2,Salaried,-0.15750350683447342,-0.5482260836592394,-0.33829401088929234,0,44.78,2023-08-14,1.0,202.0,2023,8,14,Monday,0,0,0,1,0,0,0,0,1,3.4807230307283987,33.666666666666664,0.44780000000000003
100690,0.3800475059382423,0,1,Salaried,0.05039044981480548,-0.42266453160495543,-0.5705989110707805,0,24.4,2016-02-16,12.0,196.0,2016,2,16,Tuesday,0,0,0,1,0,1,0,0,0,-8.387790407871497,32.666666666666664,0.244
100691,0.3800475059382423,0,2,Unemployed,-0.45921905155688175,0.19102638009020495,-0.022504537205081835,1,15.24,2021-06-29,10.0,103.0,2021,6,29,Tuesday,1,0,0,0,1,0,0,0,0,-0.4159809560221245,17.166666666666668,0.1524
100692,-0.6175771971496438,1,2,Salaried,0.7146578542014866,1.0269670733417797,0.6308529945553537,0,14.98,2019-08-23,12.0,280.0,2019,8,23,Friday,0,0,0,1,0,1,0,0,0,1.43700522887172,46.666666666666664,0.14980000000000002
100693,-0.9501187648456059,1,2,Salaried,-0.07992832845854653,-0.48600701267532,0.834119782214156,1,51.85000000000001,2025-03-18,3.0,222.0,2025,3,18,Tuesday,0,1,0,0,0,0,1,0,0,6.080535175052225,37.0,0.5185000000000001
100694,0.5700712589073635,1,1,Self-Employed,-0.7369258218294781,-0.45151889860150995,-0.24754990925589854,0,52.42,2020-11-30,11.0,227.0,2020,11,30,Monday,0,0,0,1,0,1,0,0,0,0.6127060352975252,37.833333333333336,0.5242
100695,-0.6175771971496438,0,2,Salaried,-0.6044419870048459,0.11134873595353782,-0.9880217785843922,0,34.352,2016-12-01,6.4,174.0,2016,12,1,Thursday,1,0,0,0,0,0,0,0,1,-0.18421740770408315,29.0,0.34352
100696,-0.5700712589073635,1,1,Salaried,-0.8475962315306745,-0.5133167028612537,0.05372050816696898,0,93.6,2018-11-12,4.0,290.0,2018,11,12,Monday,0,1,0,0,0,0,0,1,0,0.605614659157055,48.333333333333336,0.9359999999999999
100697,0.09501187648456058,1,2,Salaried,-0.8748620455400069,-0.06078074143204722,0.7796733212341196,0,5.69,2011-03-25,7.0,183.6,2011,3,25,Friday,0,1,0,0,0,0,1,0,0,0.069474658023975,30.599999999999998,0.056900000000000006
100698,0.7125890736342043,0,3,Self-Employed,0.9161605092402583,0.26363653616056704,0.24827586206896543,1,90.08,2016-10-05,8.0,8.0,2016,10,5,Wednesday,1,0,0,0,0,0,0,1,0,0.2877623882513689,1.3333333333333333,0.9007999999999999
100699,0.8551068883610452,1,2,Salaried,0.19836914737835148,-0.48583883236205244,-0.055172413793103614,1,73.77,2013-01-29,11.0,42.0,2013,1,29,Tuesday,0,1,0,0,1,0,0,0,0,-2.44916530006255,7.0,0.7376999999999999
100700,-0.8551068883610452,1,1,Self-Employed,-0.4550795951385518,0.07481858280239564,-0.43266787658802197,1,34.53,2016-06-29,9.0,49.0,2016,6,29,Wednesday,0,0,1,0,1,0,0,0,0,-0.1644076851646505,8.166666666666666,0.3453
100701,0.19002375296912116,0,3,Self-Employed,-0.30248731112292854,-0.5446126547470053,0.362250453720508,0,49.76,2010-03-05,0.0,247.0,2010,3,5,Friday,1,0,0,0,1,0,0,0,0,1.8004479352381126,41.166666666666664,0.4976
100702,0.23752969121140147,0,1,Self-Employed,-0.8560030446315764,-0.47677300428552116,0.36588021778584373,0,20.81,2019-08-29,8.0,156.0,2019,8,29,Thursday,0,0,0,1,1,0,0,0,0,0.5569758276861319,26.0,0.20809999999999998
100703,0.807600950118765,1,2,Unemployed,0.3510440682241986,0.05890243880405765,-0.4290381125226862,0,52.93,2018-07-12,12.0,155.6,2018,7,12,Thursday,0,1,0,0,0,0,0,0,1,0.1677921495783227,25.933333333333334,0.5293
100704,0.807600950118765,0,1,Salaried,0.82620452848454,-0.11261029650868114,-0.4508166969147007,0,50.02,2015-03-01,5.6,68.0,2015,3,1,Sunday,0,1,0,0,0,0,1,0,0,-0.13629832883539844,11.333333333333334,0.5002
100705,-0.3800475059382423,0,2,Salaried,0.8469891246279287,0.7501573585439704,0.38838475499092556,0,77.56,2024-12-25,8.0,48.0,2024,12,25,Wednesday,1,0,0,0,0,0,0,1,0,0.8856753135685239,8.0,0.7756000000000001
100706,0.28503562945368177,0,1,Salaried,0.08735437702121915,-0.6202879756062097,0.714337568058076,0,40.74,2011-08-14,6.0,267.0,2011,8,14,Sunday,1,0,0,0,0,1,0,0,0,-7.100823069867882,44.5,0.40740000000000004
100707,0.09501187648456058,1,3,Salaried,0.1673123255159796,0.18704614108006268,0.6671506352087113,0,44.26,2010-12-13,1.0,97.0,2010,12,13,Monday,0,0,0,1,0,0,1,0,0,1.1179459762048334,16.166666666666668,0.4426
100708,-0.09501187648456058,0,1,Salaried,0.9805884013448787,0.10023508888259414,-0.6105263157894738,0,87.9,2020-04-24,8.0,241.0,2020,4,24,Friday,0,0,1,0,0,0,0,1,0,0.10221932948128036,40.166666666666664,0.879
100709,-1.0926365795724466,1,1,Salaried,0.382683723363426,1.1768822055290564,0.3862068965517241,0,56.82,2017-01-08,3.0,254.0,2017,1,8,Sunday,0,1,0,0,0,0,0,0,1,3.075339068997712,42.333333333333336,0.5682
100710,0.0,0,2,Salaried,-0.7635693346225276,-0.5522836336826582,-0.9444646098003632,0,41.4,2022-11-11,4.0,40.0,2022,11,11,Friday,0,0,0,1,0,1,0,0,0,0.7232920556660136,6.666666666666667,0.414
100711,-1.0451306413301664,1,2,Salaried,0.2473076971079717,0.8652016802283263,-0.2947368421052633,1,42.59,2024-05-11,4.0,83.0,2024,5,11,Saturday,0,0,1,0,1,0,0,0,0,3.498482620419975,13.833333333333334,0.42590000000000006
100712,-0.6650831353919241,1,1,Unemployed,0.47940714664137846,0.34085250637773956,0.7978221415607983,0,41.45,2012-08-01,0.0,165.0,2012,8,1,Wednesday,0,1,0,0,1,0,0,0,0,0.7109875369311401,27.5,0.41450000000000004
100713,0.6650831353919241,1,2,Self-Employed,-0.9369237605681936,-0.6438734698737187,0.6018148820326678,0,20.47,2017-04-14,5.0,73.0,2017,4,14,Friday,1,0,0,0,1,0,0,0,0,0.6872207718195175,12.166666666666666,0.2047
100714,0.6650831353919241,0,0,Salaried,0.015246543989817585,-0.03178390550858115,-0.5059891107078042,1,46.41,2023-11-12,12.0,161.0,2023,11,12,Sunday,1,0,0,0,0,0,0,1,0,-2.0846629590160273,26.833333333333332,0.46409999999999996
100715,0.47505938242280293,1,2,Salaried,0.29310313622901346,1.1116706809523897,-0.5705989110707805,0,87.78,2025-06-20,4.0,76.0,2025,6,20,Friday,1,0,0,0,0,0,1,0,0,3.792762831728269,12.666666666666666,0.8778
100716,0.23752969121140147,0,1,Self-Employed,-0.07558870115965904,-0.005555569478358478,0.8813067150635207,0,44.3,2011-12-23,11.0,43.0,2011,12,23,Friday,0,1,0,0,0,0,1,0,0,0.07349735334946371,7.166666666666667,0.44299999999999995
100717,0.7125890736342043,0,1,Salaried,0.42299762749713676,1.4217104976073907,0.333212341197822,0,26.9,2012-05-17,9.0,212.0,2012,5,17,Thursday,0,0,0,1,0,1,0,0,0,3.361036576066881,35.333333333333336,0.26899999999999996
100718,0.7600950118764846,1,2,Salaried,-0.6310282016155384,-0.2129744535924942,-0.6286751361161527,0,41.04,2023-03-18,8.0,246.0,2023,3,18,Saturday,0,1,0,0,1,0,0,0,0,0.337503859648814,41.0,0.4104
100719,-0.19002375296912116,1,3,Salaried,-0.5047599237998963,-0.04453443795882328,-0.35644283121597115,0,40.62,2011-10-07,9.0,153.0,2011,10,7,Friday,0,1,0,0,0,0,0,0,1,0.08822894976202235,25.5,0.40619999999999995
100720,-0.9976247030878861,0,1,Self-Employed,-0.7932729040603241,-0.5428548927318635,-0.04428312159709635,0,52.358000000000004,2016-12-16,0.0,127.0,2016,12,16,Friday,1,0,0,0,0,0,1,0,0,0.6843229989998275,21.166666666666668,0.52358
100721,-0.9976247030878861,0,3,Self-Employed,0.7572018256029843,0.9257121707446672,-0.6177858439201453,0,34.98,2014-12-21,8.0,76.0,2014,12,21,Sunday,1,0,0,0,1,0,0,0,0,1.2225435008790326,12.666666666666666,0.34979999999999994
100722,0.28503562945368177,0,3,Self-Employed,0.21353260190360487,0.957658238700137,-0.6250453720508169,0,11.87,2013-10-09,2.0,252.0,2013,10,9,Wednesday,0,1,0,0,0,0,0,1,0,4.484833838780521,42.0,0.11869999999999999
100723,0.4275534441805226,1,3,Unemployed,-0.7184380077055449,-0.47815477425381286,0.6381125226860253,0,71.15599999999999,2024-03-15,4.0,194.0,2024,3,15,Friday,0,1,0,0,1,0,0,0,0,0.6655477147998924,32.333333333333336,0.71156
100724,-0.807600950118765,1,1,Salaried,0.7055186521126235,0.4619341805591794,0.54010889292196,0,22.45,2021-06-09,6.0,245.0,2021,6,9,Wednesday,1,0,0,0,0,0,0,1,0,0.6547441080061478,40.833333333333336,0.2245
100725,-0.3800475059382423,0,1,Salaried,-0.8662745514607246,-0.5034760202263576,0.5364791288566242,0,36.6,2017-11-02,1.0,271.0,2017,11,2,Thursday,0,0,0,1,0,1,0,0,0,0.5811968265457979,45.166666666666664,0.366
100726,-0.6650831353919241,0,2,Salaried,-0.15881022844887807,0.6054988961453667,0.699818511796733,0,78.35,2024-06-23,9.0,94.0,2024,6,23,Sunday,0,0,0,1,0,0,0,0,1,-3.812719760303602,15.666666666666666,0.7835
100727,0.9501187648456059,1,1,Self-Employed,0.43584718864983896,0.471959563298164,-0.7448275862068967,1,14.25,2015-04-20,1.0,269.0,2015,4,20,Monday,0,1,0,0,0,0,1,0,0,1.0828555869780725,44.833333333333336,0.1425
100728,0.09501187648456058,2,1,Salaried,-0.9653971231204789,-0.39926643848762544,-0.4435571687840292,0,22.75,2015-09-28,12.2,254.0,2015,9,28,Monday,0,0,1,0,0,0,0,1,0,0.4135774065672227,42.333333333333336,0.2275
100729,0.807600950118765,2,1,Self-Employed,0.4011825072137212,1.2089036937655393,0.16261343012704157,0,18.76,2023-07-06,3.0,44.0,2023,7,6,Thursday,1,0,0,0,0,0,0,1,0,3.0133509612908482,7.333333333333333,0.18760000000000002
100730,-0.28503562945368177,1,2,Salaried,-0.619395951707244,-0.24943793270710643,0.6381125226860253,0,11.78,2024-09-13,9.0,65.0,2024,9,13,Friday,0,0,1,0,1,0,0,0,0,0.4027115967089863,10.833333333333334,0.11779999999999999
100731,-0.5225653206650832,0,0,Salaried,0.45123429779024027,0.9739090583867347,-0.534301270417423,0,49.47,2024-02-01,10.0,250.0,2024,2,1,Thursday,0,1,0,0,0,0,0,0,1,2.1583223242473113,41.666666666666664,0.4947
100732,-0.23752969121140147,1,2,Self-Employed,-0.7122716014607885,-0.640728728729968,-0.04428312159709635,1,73.39,2022-08-24,3.0,27.0,2022,8,24,Wednesday,1,0,0,0,0,0,1,0,0,0.8995567525307844,4.5,0.7339
100733,0.19002375296912116,2,2,Self-Employed,0.48267947636641373,-0.19960881738248085,-0.5451905626134302,1,66.3,2020-01-26,9.0,80.0,2020,1,26,Sunday,0,1,0,0,0,0,0,1,0,-0.41354320445759524,13.333333333333334,0.6629999999999999
100734,0.23752969121140147,1,2,Unemployed,0.6165525116574143,1.7450587783301577,0.979310344827586,0,62.87,2022-08-30,9.0,293.0,2022,8,30,Tuesday,0,1,0,0,0,1,0,0,0,2.830348989478766,48.833333333333336,0.6286999999999999
100735,-0.04750593824228029,1,2,Salaried,-0.5318871429493021,-0.37304824424236616,-0.2874773139745918,0,34.09,2024-01-04,1.0,115.0,2024,1,4,Thursday,0,0,1,0,0,0,1,0,0,0.7013672903876228,19.166666666666668,0.34090000000000004
100736,0.28503562945368177,1,2,Salaried,-0.9137152809075895,-0.3464215489312396,0.7651542649727766,1,33.45,2024-01-26,6.0,78.0,2024,1,26,Friday,0,0,0,1,0,0,0,1,0,0.37913511590518717,13.0,0.3345
100737,0.0,0,2,Salaried,-0.22890080690391607,-0.3202867334063671,0.8486388384754989,0,11.15,2019-11-12,4.0,90.0,2019,11,12,Tuesday,0,0,0,1,1,0,0,0,0,1.3992381142667243,15.0,0.1115
100738,0.31353919239905,0,2,Salaried,-0.7064745004617036,-0.3382842456424324,0.7978221415607983,0,61.82,2019-12-02,3.0,198.0,2019,12,2,Monday,0,0,0,1,0,1,0,0,0,0.4788343321964953,33.0,0.6182
100739,0.4275534441805226,1,2,Salaried,-0.9746346977392744,-0.616103098591641,0.3695099818511795,0,58.23,2016-02-29,8.0,219.0,2016,2,29,Monday,0,1,0,0,0,0,0,1,0,0.6321374562394817,36.5,0.5822999999999999
100740,0.7125890736342043,0,1,Salaried,-0.9588320525242212,-0.6137593140796351,0.376769509981851,0,50.66,2017-11-23,9.0,24.0,2017,11,23,Thursday,0,1,0,0,0,0,1,0,0,0.6401113859970079,4.0,0.5065999999999999
100741,0.32304038004750585,1,2,Salaried,0.17228667928754696,-0.5692945968730212,0.1299455535390198,0,46.56,2016-12-17,12.2,71.0,2016,12,17,Saturday,0,1,0,0,0,1,0,0,0,-3.3043448235650703,11.833333333333334,0.4656
100742,-0.5700712589073635,0,0,Salaried,-0.9026564388316554,-0.6417998783978601,0.7833030852994554,0,10.12,2010-11-05,5.0,27.0,2010,11,5,Friday,0,0,0,1,0,0,0,0,1,0.7110123528599293,4.5,0.1012
100743,0.23752969121140147,0,2,Self-Employed,0.20540733623747826,0.767717847953666,-0.9880217785843922,0,57.068000000000005,2016-06-09,12.0,200.0,2016,6,9,Thursday,0,0,0,1,1,0,0,0,0,3.737538600208913,33.333333333333336,0.5706800000000001
100744,0.9026128266033255,1,0,Self-Employed,0.24222252779970854,0.08586775043675797,0.4638838475499091,0,60.35,2012-01-10,9.0,55.0,2012,1,10,Tuesday,1,0,0,0,0,0,0,1,0,0.3544994399024734,9.166666666666666,0.6035
100745,0.9026128266033255,0,2,Self-Employed,0.41439791229066986,0.5746605625624244,0.1444646098003628,0,39.6,2021-05-16,1.0,300.0,2021,5,16,Sunday,1,0,0,0,0,0,0,1,0,1.386736143012569,50.0,0.396
100746,0.8551068883610452,0,3,Salaried,0.5181871173721337,1.540075851925864,0.11324863883847525,1,54.89,2023-01-07,12.2,8.0,2023,1,7,Saturday,0,0,1,0,1,0,0,0,0,2.9720458118218045,1.3333333333333333,0.5489
100747,0.4275534441805226,0,2,Salaried,0.9397999589189961,0.1307513468357354,-0.24029038112522702,1,47.178000000000004,2010-12-03,5.0,214.0,2010,12,3,Friday,0,1,0,0,0,0,0,0,1,0.13912678500872885,35.666666666666664,0.47178000000000003
100748,0.23752969121140147,1,1,Salaried,0.7330670874538914,-0.5979368915573385,0.6199637023593465,0,63.67,2022-10-28,8.0,221.0,2022,10,28,Friday,1,0,0,0,0,0,0,1,0,-0.8156646257767611,36.833333333333336,0.6367
100749,0.47505938242280293,1,0,Unemployed,0.07377184466854157,-0.17519327396596152,-0.32377495462794936,1,59.45,2017-03-18,3.0,216.0,2017,3,18,Saturday,1,0,0,0,0,0,0,1,0,-2.3747986071530205,36.0,0.5945
100750,-0.6650831353919241,1,2,Salaried,0.9372190911623868,-0.1381606217372396,-0.7883847549909258,0,18.58,2021-03-31,7.0,134.0,2021,3,31,Wednesday,0,0,0,1,0,0,0,1,0,-0.1474155008578472,22.333333333333332,0.1858
100751,-0.14251781472684089,1,1,Unemployed,0.055885723585638356,4.9379936022306845,-0.11324863883847566,0,45.55,2011-05-22,2.0,65.0,2011,5,22,Sunday,1,0,0,0,0,0,0,0,1,88.35876652225474,10.833333333333334,0.45549999999999996
100752,-0.3800475059382423,0,3,Salaried,-0.3863064311185664,-0.06774392410182678,-0.7593466424682397,0,93.41,2017-09-14,3.0,265.0,2017,9,14,Thursday,0,0,0,1,1,0,0,0,0,0.1753631797059951,44.166666666666664,0.9340999999999999
100753,0.807600950118765,1,1,Unemployed,0.3482795995539556,0.5983561984153327,0.979310344827586,1,50.41,2011-11-22,12.2,31.0,2011,11,22,Tuesday,0,1,0,0,1,0,0,0,0,1.7180340139980985,5.166666666666667,0.5041
100754,0.23752969121140147,1,2,Salaried,0.07101372175424434,-0.37412119460765175,-0.09147005444646114,0,8.52,2013-11-14,7.0,227.0,2013,11,14,Thursday,0,0,1,0,1,0,0,0,0,-5.2682944276933545,37.833333333333336,0.0852
100755,0.5700712589073635,1,2,Unemployed,0.23633458042599437,0.5913847968481638,-0.3818511796733214,1,44.4,2025-11-14,11.0,201.0,2025,11,14,Friday,0,1,0,0,1,0,0,0,0,2.5023202096882713,33.5,0.444
100756,-0.28503562945368177,0,3,Self-Employed,-0.6037048941698201,-0.009108867959769907,0.04283121597096172,1,52.17,2019-11-09,9.0,34.0,2019,11,9,Saturday,0,0,0,1,0,0,0,0,1,0.015088279137269366,5.666666666666667,0.5217
100757,0.6175771971496438,1,1,Salaried,-0.7542288611303977,-0.34233052522948587,-0.20617059891107103,0,19.29,2023-09-05,3.0,131.4,2023,9,5,Tuesday,0,1,0,0,0,1,0,0,0,0.45388149787376114,21.900000000000002,0.1929
100758,0.7600950118764846,0,3,Unemployed,0.2660670740856469,1.2558242085086355,0.6780399274047185,1,87.61,2018-05-13,8.0,123.0,2018,5,13,Sunday,1,0,0,0,0,0,1,0,0,4.719953465960941,20.5,0.8761
100759,-0.09501187648456058,1,0,Self-Employed,0.2892795120779317,-0.6438734698737187,0.7651542649727766,1,41.79,2018-09-09,2.0,49.0,2018,9,9,Sunday,1,0,0,0,0,0,0,1,0,-2.225783171606912,8.166666666666666,0.4179
100760,0.9501187648456059,1,2,Salaried,0.5793202397386658,0.8862819381693049,-0.7157894736842106,0,66.1,2017-08-03,9.0,107.0,2017,8,3,Thursday,0,0,0,1,1,0,0,0,0,1.5298653100211226,17.833333333333332,0.6609999999999999
100761,0.9501187648456059,1,2,Salaried,-0.6769398790101752,-0.14166306659493652,-0.9735027223230491,1,76.03,2011-03-05,4.0,291.0,2011,3,5,Saturday,0,0,0,1,0,0,1,0,0,0.20926979040158922,48.5,0.7603
100762,0.513064133016627,1,2,Self-Employed,0.3595156346612957,0.8174894615441105,-0.2911070780399276,1,35.12,2024-07-08,12.2,104.0,2024,7,8,Monday,0,0,1,0,0,0,0,0,1,2.2738634505124593,17.333333333333332,0.35119999999999996
100763,0.807600950118765,1,1,Salaried,-0.29434396670874424,-0.323388209579705,-0.22577132486388402,1,13.51,2017-05-24,1.0,291.0,2017,5,24,Wednesday,0,0,1,0,1,0,0,0,0,1.0986744970373394,48.5,0.1351
100764,-0.7600950118764846,0,1,Salaried,0.4794764263209753,0.8500109327051188,-0.3528130671506354,1,39.79,2025-03-20,4.0,280.0,2025,3,20,Thursday,0,0,0,1,0,1,0,0,0,1.7727898308312182,46.666666666666664,0.3979
100765,-0.9026128266033255,1,3,Self-Employed,-0.47692174035463114,0.14229593937934534,-0.9190562613430129,0,70.14,2015-08-27,9.0,252.0,2015,8,27,Thursday,0,0,1,0,0,0,0,0,1,-0.29836328969515297,42.0,0.7014
100766,0.7600950118764846,1,0,Salaried,0.34416636042662346,0.6808224941783966,0.19528130671506336,0,91.8,2024-09-22,7.0,19.0,2024,9,22,Sunday,0,0,0,1,1,0,0,0,0,1.9781784987192217,3.1666666666666665,0.9179999999999999
100767,-0.28503562945368177,1,2,Salaried,0.07030130015331323,-0.4429015647584051,-0.828312159709619,1,83.6,2023-07-09,3.0,122.0,2023,7,9,Sunday,0,0,0,1,1,0,0,0,0,-6.300047990471362,20.333333333333332,0.836
100768,0.5225653206650832,1,1,Salaried,0.7703854220235562,1.4732528157254936,-0.16406533575317622,0,159.34,2017-06-23,11.0,139.0,2017,6,23,Friday,0,1,0,0,1,0,0,0,0,1.9123581179089935,23.166666666666668,1.5934
100769,-0.9026128266033255,0,1,Salaried,0.247174959868918,-0.4716518771698567,0.7796733212341196,0,17.73,2024-11-19,1.0,288.0,2024,11,19,Tuesday,0,0,1,0,0,0,0,1,0,-1.9081701375413733,48.0,0.1773
100770,0.6650831353919241,0,2,Salaried,0.19936562631585006,0.7816768782654987,-0.8029038112522687,0,32.92,2017-11-05,4.0,98.0,2017,11,5,Sunday,1,0,0,0,0,0,0,0,1,3.920820718748714,16.333333333333332,0.3292
100771,-0.3800475059382423,0,2,Self-Employed,0.15027597659325767,-0.5044905845864207,-0.7774954627949185,0,67.86,2024-09-18,3.0,125.0,2024,9,18,Wednesday,0,0,0,1,1,0,0,0,0,-3.357094034743111,20.833333333333332,0.6786
100772,-0.14251781472684089,0,2,Salaried,0.610374434546828,-0.5254742720908386,0.6018148820326678,0,16.61,2018-10-16,3.0,187.0,2018,10,16,Tuesday,0,1,0,0,0,0,0,1,0,-0.8609047862251579,31.166666666666668,0.1661
100773,0.5700712589073635,1,1,Self-Employed,-0.19528584662895848,0.48909635021890624,-0.9662431941923777,0,89.42,2025-11-24,10.0,257.0,2025,11,24,Monday,0,0,0,1,1,0,0,0,0,-2.5045150924233917,42.833333333333336,0.8942
100774,0.19002375296912116,0,1,Unemployed,0.5703096656790623,0.41670097554569935,0.21705989110707788,0,55.3,2016-12-11,7.0,195.0,2016,12,11,Sunday,0,1,0,0,0,0,0,1,0,0.7306573965383131,32.5,0.5529999999999999
100775,-0.807600950118765,1,2,Self-Employed,0.820361542788617,-0.3171355853169793,0.8885662431941922,0,76.25,2024-06-07,4.0,256.0,2024,6,7,Friday,0,1,0,0,1,0,0,0,0,-0.38658026830335684,42.666666666666664,0.7625
100776,0.33254156769596205,0,1,Salaried,-0.951031068299693,-0.6198252526478427,0.6163339382940107,0,65.31,2012-11-12,12.0,300.0,2012,11,12,Monday,0,0,0,1,0,0,1,0,0,0.6517402777976552,50.0,0.6531
100777,-0.19002375296912116,0,1,Salaried,-0.335728377682531,-0.23911184958104237,-0.9735027223230491,0,87.12,2025-05-16,0.0,262.0,2025,5,16,Friday,0,0,1,0,0,1,0,0,0,0.7122181664582121,43.666666666666664,0.8712000000000001
100778,-0.9501187648456059,1,1,Salaried,-0.6292004286491577,0.011777646196013757,-0.7484573502722325,1,63.14,2012-02-05,1.0,270.0,2012,2,5,Sunday,0,1,0,0,1,0,0,0,0,-0.01871843320466168,45.0,0.6314
100779,0.9976247030878861,0,2,Salaried,0.14919761521610214,1.0705202839588048,0.10816696914700528,0,230.93,2019-07-01,9.0,56.0,2019,7,1,Monday,0,0,0,1,0,1,0,0,0,7.175183614082787,9.333333333333334,2.3093
100780,-0.807600950118765,1,2,Unemployed,0.27347380492469503,0.7032076307011935,0.7288566243194191,0,37.63,2010-05-30,3.0,142.0,2010,5,30,Sunday,0,1,0,0,0,1,0,0,0,2.5713893544386526,23.666666666666668,0.3763
100781,0.33254156769596205,0,2,Salaried,-0.21751411556276123,0.4130634381893426,-0.9807622504537207,1,47.08,2014-01-16,3.0,219.0,2014,1,16,Thursday,1,0,0,0,0,0,0,1,0,-1.899018999850416,36.5,0.4708
100782,-0.04750593824228029,1,1,Salaried,-0.0838004838860786,1.1152639324072218,0.333212341197822,1,90.29,2017-08-31,2.0,297.0,2017,8,31,Thursday,0,1,0,0,0,0,0,1,0,-13.308561963954192,49.5,0.9029
100783,-0.5225653206650832,1,1,Salaried,-0.6829154599422214,-0.0950313788904804,-0.09147005444646114,1,22.28,2020-11-27,4.0,125.0,2020,11,27,Friday,0,0,1,0,0,0,0,1,0,0.13915540716931582,20.833333333333332,0.2228
100784,-0.5700712589073635,0,0,Self-Employed,-0.2615566350120316,0.3158009711116831,-0.5923774954627951,1,18.95,2013-01-31,11.0,160.2,2013,1,31,Thursday,0,1,0,0,0,1,0,0,0,-1.2073904036009497,26.7,0.1895
100785,-0.19002375296912116,1,2,Self-Employed,0.896117345896451,2.0872793725915284,0.2323049001814882,0,81.0,2016-08-20,2.0,269.0,2016,8,20,Saturday,1,0,0,0,0,0,0,1,0,2.3292478179891405,44.833333333333336,0.81
100786,-0.7600950118764846,1,2,Salaried,-0.2630540292859965,-0.19599452831568825,0.5909255898366604,0,50.69,2012-04-08,9.0,29.0,2012,4,8,Sunday,0,0,1,0,0,1,0,0,0,0.7450732796135956,4.833333333333333,0.5069
100787,-0.9976247030878861,0,3,Salaried,-0.7358690981488197,-0.5117054404412074,0.03557168784029022,0,80.16,2022-02-08,7.0,54.0,2022,2,8,Tuesday,0,0,1,0,0,0,0,0,1,0.6953756336941896,9.0,0.8016
100788,0.6650831353919241,0,2,Self-Employed,0.5869221891060789,0.811233179614804,0.20181488203266754,0,8.4,2021-10-23,12.0,136.0,2021,10,23,Saturday,0,0,1,0,0,0,0,0,1,1.3821818201325213,22.666666666666668,0.084
100789,0.0,0,1,Self-Employed,0.04020204132540443,0.13778392227355613,0.834119782214156,0,55.455999999999996,2017-07-21,9.0,106.0,2017,7,21,Friday,0,0,0,1,0,0,0,0,1,3.4272867180624447,17.666666666666668,0.5545599999999999
100790,0.09501187648456058,0,1,Self-Employed,-0.11092262465569136,-0.3202697473635424,-0.19310344827586223,0,16.79,2023-11-11,4.0,186.0,2023,11,11,Saturday,0,1,0,0,1,0,0,0,0,2.887325722391384,31.0,0.1679
100791,0.6175771971496438,1,1,Salaried,0.5058484827624807,0.014422468725860383,0.9248638838475497,0,18.88,2018-06-14,1.0,200.0,2018,6,14,Thursday,1,0,0,0,0,0,0,0,1,0.028511440119575092,33.333333333333336,0.1888
100792,-0.9976247030878861,1,1,Salaried,-0.19972355357673485,0.4045258736330097,0.17350272232304884,0,79.82,2014-01-21,10.0,177.0,2014,1,21,Tuesday,1,0,0,0,0,0,0,1,0,-2.025428981152134,29.5,0.7981999999999999
100793,-0.5700712589073635,1,2,Salaried,-0.8720714749561469,-0.314853402341256,0.9030852994555352,0,77.81,2024-01-05,1.0,87.0,2024,1,5,Friday,1,0,0,0,0,0,0,1,0,0.36104082220679073,14.5,0.7781
100794,-0.28503562945368177,0,1,Salaried,0.08251616323392151,-0.08930130254149372,0.22068965517241362,0,69.91,2013-09-18,9.0,207.0,2013,9,18,Wednesday,0,1,0,0,0,0,1,0,0,-1.082228002874265,34.5,0.6990999999999999
100795,-0.5225653206650832,0,3,Self-Employed,0.4815481869470796,1.3915309218338905,-0.9735027223230491,0,41.98,2010-12-24,9.0,271.0,2010,12,24,Friday,0,0,1,0,0,0,1,0,0,2.8897023383182514,45.166666666666664,0.41979999999999995
100796,-0.04750593824228029,0,3,Salaried,0.5185802081086226,-0.6308367985688026,0.8994555353901995,0,69.76,2025-03-03,11.0,125.0,2025,3,3,Monday,0,0,0,1,0,1,0,0,0,-1.2164690990996452,20.833333333333332,0.6976
100797,0.09501187648456058,1,2,Salaried,0.5765804973286531,1.1416784589401796,0.7107078039927404,0,59.95,2019-12-18,2.0,208.0,2019,12,18,Wednesday,0,0,1,0,0,0,0,1,0,1.9800851125379262,34.666666666666664,0.5995
100798,-0.14251781472684089,0,2,Self-Employed,-0.6102307808325109,-0.31474259514092706,-0.8936479128856626,0,26.06,2020-01-26,0.0,208.0,2020,1,26,Sunday,0,0,0,1,0,0,0,0,1,0.5157763341789112,34.666666666666664,0.2606
100799,-0.7125890736342043,1,2,Self-Employed,7.070220779610509,-0.3945431368747088,0.5764065335753175,0,32.85,2015-05-14,1.0,204.0,2015,5,14,Thursday,0,1,0,0,1,0,0,0,0,-0.055803510126941715,34.0,0.3285
100800,0.9976247030878861,0,2,Salaried,-0.9754550131666115,-0.6210044039652137,0.22431941923774937,0,86.36,2020-07-09,2.0,185.8,2020,7,9,Thursday,1,0,0,0,0,0,0,0,1,0.6366304909841534,30.96666666666667,0.8636
100801,0.7125890736342043,0,3,Salaried,-0.23743827157583355,0.020475480859206686,-0.30562613430127056,0,38.11,2014-05-09,5.0,248.0,2014,5,9,Friday,0,0,0,1,0,0,1,0,0,-0.08623496424276818,41.333333333333336,0.3811
100802,0.6175771971496438,0,0,Salaried,0.09668384883632763,-0.6028899910974607,0.8123411978221414,1,93.6,2022-10-17,2.0,281.0,2022,10,17,Monday,1,0,0,0,0,1,0,0,0,-6.2356846397175385,46.833333333333336,0.9359999999999999
100803,-0.9026128266033255,0,1,Salaried,0.316307737434585,-0.5166486763398028,-0.7920145190562615,0,74.25,2020-05-10,9.0,227.0,2020,5,10,Sunday,0,0,0,1,0,0,0,1,0,-1.6333735005349022,37.833333333333336,0.7425
100804,-0.6175771971496438,1,1,Unemployed,0.4086110195272331,-0.43299186878813295,-0.7484573502722325,1,50.26,2018-07-26,8.0,121.0,2018,7,26,Thursday,0,0,0,1,0,1,0,0,0,-1.059667625432884,20.166666666666668,0.5025999999999999
100805,-0.7125890736342043,0,1,Self-Employed,-0.06418244891486187,0.25046944291585566,0.19528130671506336,0,91.96,2019-05-23,7.6,10.0,2019,5,23,Thursday,1,0,0,0,0,0,0,0,1,-3.902460051783063,1.6666666666666667,0.9196
100806,0.9501187648456059,1,0,Salaried,-0.910057658181973,-0.5160947528817454,-0.0878402903811254,0,70.656,2014-06-24,5.0,166.6,2014,6,24,Tuesday,0,0,1,0,0,0,0,0,1,0.5671011591867164,27.766666666666666,0.7065600000000001
100807,0.3800475059382423,1,2,Salaried,0.7722295342020992,0.5471614695582268,0.10090744101633377,0,83.57,2013-02-07,12.0,249.0,2013,2,7,Thursday,0,1,0,0,0,1,0,0,0,0.7085477119488541,41.5,0.8356999999999999
100808,0.14251781472684089,1,2,Unemployed,-0.6640550478796716,-0.2657793580201484,0.4566243194192376,0,62.71,2011-03-04,12.0,8.0,2011,3,4,Friday,0,0,0,1,0,0,0,1,0,0.4002369364840794,1.3333333333333333,0.6271
100809,-0.3800475059382423,0,1,Self-Employed,-0.4407616260600227,0.25211833508813236,-0.19673321234119798,0,54.91,2018-04-29,3.0,88.0,2018,4,29,Sunday,0,0,1,0,1,0,0,0,0,-0.5720060916868452,14.666666666666666,0.5490999999999999
100810,0.5700712589073635,1,0,Salaried,8.606820012450772,0.09861240328845682,0.670780399274047,0,69.03,2012-04-20,1.0,221.0,2012,4,20,Friday,1,0,0,0,0,1,0,0,0,0.011457472463209693,36.833333333333336,0.6903
100811,0.4275534441805226,1,0,Self-Employed,0.5019638772280386,0.208695369556694,0.4784029038112521,0,81.6,2021-07-28,11.0,144.0,2021,7,28,Wednesday,0,1,0,0,1,0,0,0,0,0.4157577447786849,24.0,0.816
100812,0.44655581947743467,1,2,Salaried,0.33839237040443715,0.2944907142728076,0.7107078039927404,0,12.55,2016-05-24,1.0,98.0,2016,5,24,Tuesday,0,1,0,0,0,0,0,0,1,0.8702640485683542,16.333333333333332,0.1255
100813,0.9026128266033255,1,1,Self-Employed,0.691038320433717,-0.2263635953345563,-0.9372050816696916,0,29.55,2013-08-06,11.0,143.2,2013,8,6,Tuesday,0,0,0,1,0,1,0,0,0,-0.32757024992837375,23.866666666666664,0.2955
100814,-0.23752969121140147,1,1,Self-Employed,-1.0121841598282917,-0.6012522085849965,0.6344827586206895,0,18.26,2021-07-07,8.0,16.0,2021,7,7,Wednesday,0,0,0,1,0,1,0,0,0,0.594014639279668,2.6666666666666665,0.1826
100815,-0.9976247030878861,0,1,Salaried,0.2652857384626641,0.36286299333790395,-0.6214156079854811,0,13.25,2019-10-24,11.0,9.0,2019,10,24,Thursday,0,0,1,0,0,0,1,0,0,1.3678194517379707,1.5,0.1325
100816,0.23752969121140147,1,0,Salaried,-0.6263874748534165,-0.4730655291286086,-0.11687840290381142,1,78.5,2014-12-24,4.0,260.0,2014,12,24,Wednesday,0,1,0,0,0,0,0,1,0,0.7552282702321157,43.333333333333336,0.785
100817,0.14251781472684089,1,1,Salaried,0.3356206595847513,-0.20636996984352382,-0.6468239564428314,0,88.74,2017-11-03,12.0,79.0,2017,11,3,Friday,0,1,0,0,0,1,0,0,0,-0.6148905436836228,13.166666666666666,0.8874
100818,-0.6175771971496438,1,2,Salaried,0.2488052067593174,0.5476572642535462,0.4638838475499091,0,9.79,2019-04-22,3.0,133.0,2019,4,22,Monday,0,1,0,0,0,0,0,1,0,2.2011487274995996,22.166666666666668,0.09789999999999999
100819,-0.4275534441805226,1,1,Salaried,0.3048241823446315,-0.6341081914421804,-0.21488203266787675,0,38.66,2021-04-05,3.0,202.0,2021,4,5,Monday,1,0,0,0,0,0,0,1,0,-2.0802424091316465,33.666666666666664,0.38659999999999994
100820,0.9026128266033255,0,0,Self-Employed,-0.1953088422284764,4.9379936022306845,0.8522686025408347,0,94.51,2018-08-30,7.0,53.0,2018,8,30,Thursday,1,0,0,0,0,0,0,1,0,-25.283000738154577,8.833333333333334,0.9451
100821,0.5225653206650832,0,1,Salaried,-0.37391543292838275,0.02587054710470337,-0.22431941923774978,0,25.21,2018-05-30,4.0,170.0,2018,5,30,Wednesday,0,0,1,0,0,1,0,0,0,-0.06918823034955726,28.333333333333332,0.2521
100822,-0.09501187648456058,1,3,Self-Employed,-0.902761565375958,-0.6438734698737187,0.6635208711433755,0,88.77,2017-02-23,1.0,134.0,2017,2,23,Thursday,1,0,0,0,0,1,0,0,0,0.7132264980793412,22.333333333333332,0.8876999999999999
100823,0.4275534441805226,0,1,Salaried,0.8047322476506698,0.17129784297976194,-0.14591651542649745,0,63.5,2026-01-11,10.0,116.0,2026,1,11,Sunday,0,1,0,0,0,0,0,0,1,0.21286315228431293,19.333333333333332,0.635
100824,-0.8551068883610452,1,2,Salaried,-0.2680937132806631,0.13028478935657925,-0.12050816696914717,0,17.38,2013-04-11,12.0,146.0,2013,4,11,Thursday,1,0,0,0,0,0,0,0,1,-0.4859673423978657,24.333333333333332,0.17379999999999998
100825,0.23752969121140147,0,1,Salaried,0.5786317917824346,-0.563944708838918,0.5364791288566242,0,87.57,2016-06-08,9.0,248.0,2016,6,8,Wednesday,1,0,0,0,0,0,1,0,0,-0.9746175665559714,41.333333333333336,0.8756999999999999
100826,-1.0451306413301664,1,1,Salaried,-0.9304340669023508,-0.35703288181763965,-0.08058076225045388,0,67.65,2020-08-06,7.0,51.0,2020,8,6,Thursday,1,0,0,0,0,1,0,0,0,0.3837272242258842,8.5,0.6765000000000001
100827,0.7125890736342043,0,1,Self-Employed,-0.9087257949487672,-0.48232625054268874,0.2533575317604354,1,73.3,2013-02-10,0.0,35.0,2013,2,10,Sunday,1,0,0,0,0,1,0,0,0,0.5307720472157189,5.833333333333333,0.733
100828,-0.47505938242280293,1,2,Self-Employed,0.8768672245421889,-0.09764990802284912,-0.712159709618875,0,45.37,2020-07-09,7.0,124.0,2020,7,9,Thursday,0,0,1,0,1,0,0,0,0,-0.11136225107949724,20.666666666666668,0.4537
100829,-0.19002375296912116,1,1,Salaried,-0.5291360580552354,-0.40893499374487774,0.6635208711433755,0,86.53,2010-02-13,6.4,103.0,2010,2,13,Saturday,0,0,1,0,0,1,0,0,0,0.772835242504282,17.166666666666668,0.8653
100830,-0.28503562945368177,0,0,Unemployed,-0.22177240180816324,-0.4415704956761026,0.6344827586206895,0,28.03,2010-06-05,4.0,25.0,2010,6,5,Saturday,0,0,0,1,0,0,0,0,1,1.9910975940913889,4.166666666666667,0.2803
100831,0.19002375296912116,0,0,Salaried,0.7167345050535018,1.2891188380353744,0.11179673321234103,0,54.39,2013-05-09,3.0,295.0,2013,5,9,Thursday,0,0,0,1,0,1,0,0,0,1.7986002193924597,49.166666666666664,0.5439
100832,0.5700712589073635,0,1,Salaried,-0.45860085067521,-0.11332991306673112,0.7833030852994554,0,59.8,2026-04-24,9.0,288.0,2026,4,24,Friday,1,0,0,0,0,1,0,0,0,0.24712102670518934,48.0,0.598
100833,0.33254156769596205,1,0,Self-Employed,0.46208537182884857,0.17273056303769987,0.5001814882032666,0,15.01,2019-06-30,8.0,192.0,2019,6,30,Sunday,0,0,1,0,1,0,0,0,0,0.37380660278005384,32.0,0.1501
100834,0.0,1,2,Salaried,-0.18098895433535217,-0.6068790261928177,-0.5415607985480946,0,26.39,2016-06-18,0.0,191.0,2016,6,18,Saturday,1,0,0,0,0,0,0,0,1,3.3531274238334965,31.833333333333332,0.2639
100835,-0.6175771971496438,1,3,Salaried,0.5057551158358397,0.13640290795506366,0.8123411978221414,0,9.3,2012-09-25,8.0,203.0,2012,9,25,Tuesday,0,0,0,1,0,0,1,0,0,0.2697014892862457,33.833333333333336,0.09300000000000001
100836,0.9976247030878861,1,3,Self-Employed,-0.5427598369340413,-0.6286492808274868,0.3404718693284935,0,62.51,2019-06-02,4.0,170.0,2019,6,2,Sunday,0,0,0,1,0,0,0,1,0,1.158245761843066,28.333333333333332,0.6251
100837,0.9976247030878861,0,1,Salaried,0.36057013067098553,-0.12868292432605588,-0.4036297640653359,1,46.14,2023-12-21,0.0,159.8,2023,12,21,Thursday,0,0,1,0,0,0,0,1,0,-0.35688736636778434,26.633333333333336,0.46140000000000003
100838,0.41805225653206646,0,1,Salaried,0.8134136322923984,0.7405543036544111,-0.30199637023593484,0,80.3,2012-06-27,8.2,55.0,2012,6,27,Wednesday,0,0,0,1,0,1,0,0,0,0.9104277015463192,9.166666666666666,0.8029999999999999
100839,0.19002375296912116,1,2,Salaried,0.7838771470524102,0.8992249008603039,0.5255898366606169,0,58.71,2021-03-18,7.0,274.0,2021,3,18,Thursday,1,0,0,0,0,0,0,1,0,1.1471502954788675,45.666666666666664,0.5871
100840,-0.807600950118765,0,2,Salaried,-0.6103526725977666,-0.08719890794616472,0.14083484573502705,1,61.88,2010-05-15,6.4,41.0,2010,5,15,Saturday,1,0,0,0,0,1,0,0,0,0.14286643093579174,6.833333333333333,0.6188
100841,0.3800475059382423,1,2,Salaried,-0.18347864023540977,-0.27091377331791844,0.598185117967332,0,26.77,2022-11-24,1.0,244.0,2022,11,24,Thursday,0,1,0,0,0,0,1,0,0,1.4765412092128338,40.666666666666664,0.2677
100842,-0.5700712589073635,0,2,Salaried,-0.8147894543077004,-0.38296793247540734,-0.21488203266787675,1,31.21,2013-03-22,6.0,193.0,2013,3,22,Friday,0,0,1,0,0,0,0,1,0,0.470020727993838,32.166666666666664,0.3121
100843,-0.5700712589073635,0,1,Unemployed,-0.2000537725158541,0.16956338552597788,-0.5996370235934666,0,60.33,2010-01-13,11.0,41.0,2010,1,13,Wednesday,0,0,1,0,0,1,0,0,0,-0.8475890426537201,6.833333333333333,0.6033
100844,-0.8551068883610452,1,1,Salaried,-0.9806898003122623,-0.5971407903774943,0.7978221415607983,0,56.36,2015-05-25,1.0,123.0,2015,5,25,Monday,0,0,0,1,0,0,0,1,0,0.6088987467671819,20.5,0.5636
100845,-1.0926365795724466,1,2,Self-Employed,-0.9555845253859914,-0.596102849106625,-0.9771324863883849,0,45.888,2014-03-15,10.0,96.0,2014,3,15,Saturday,0,1,0,0,0,0,0,0,1,0.623809650816436,16.0,0.45887999999999995
100846,-0.28503562945368177,0,2,Self-Employed,-0.34880352824030575,0.10441549630898934,0.27150635208711416,0,52.11,2011-12-03,9.0,188.0,2011,12,3,Saturday,0,0,0,1,0,1,0,0,0,-0.2993533260278635,31.333333333333332,0.5211
100847,0.0,0,2,Unemployed,0.7559288314595513,1.453714887257462,-0.9880217785843922,1,11.09,2018-02-02,12.0,97.0,2018,2,2,Friday,0,0,0,1,1,0,0,0,0,1.9230843258757861,16.166666666666668,0.1109
100848,-0.7125890736342043,1,3,Salaried,0.398040869885544,1.0804028408469306,0.36588021778584373,0,53.97,2021-10-19,9.0,231.0,2021,10,19,Tuesday,0,1,0,0,1,0,0,0,0,2.7143012755388627,38.5,0.5397
100849,0.4275534441805226,1,0,Self-Employed,0.8977150652406393,0.24781195923246024,0.333212341197822,0,54.87,2021-05-21,5.0,216.0,2021,5,21,Friday,0,0,1,0,0,0,1,0,0,0.2760474551755822,36.0,0.5487
100850,0.9501187648456059,1,1,Self-Employed,-0.8742319874136589,-0.48506172693194555,0.7651542649727766,0,83.6,2018-10-04,9.0,284.0,2018,10,4,Thursday,0,0,0,1,0,0,0,1,0,0.5548432611885542,47.333333333333336,0.836
100851,0.04750593824228029,1,2,Self-Employed,0.7624283588283138,1.4045710257182136,0.8704174228675134,1,62.21,2010-12-23,7.0,199.6,2010,12,23,Thursday,0,0,1,0,1,0,0,0,0,1.8422334498112491,33.266666666666666,0.6221
100852,-0.8551068883610452,1,1,Salaried,-0.8035874555277053,-0.3265174679414016,-0.1096188747731399,1,27.83,2018-05-17,4.0,13.0,2018,5,17,Thursday,0,0,0,1,0,1,0,0,0,0.40632474498619675,2.1666666666666665,0.2783
100853,0.9026128266033255,0,1,Self-Employed,-0.7118434537508936,-0.07743690935630779,0.42032667876588004,0,37.14,2010-05-14,3.0,153.0,2010,5,14,Friday,0,1,0,0,0,1,0,0,0,0.10878362222518446,25.5,0.3714
100854,-0.33254156769596205,0,2,Unemployed,0.26272794618222084,0.30078469026496535,0.23157894736842088,0,36.03,2011-07-08,11.0,146.0,2011,7,8,Friday,0,1,0,0,0,0,0,0,1,1.1448522878352247,24.333333333333332,0.3603
100855,0.7125890736342043,1,1,Self-Employed,0.4736856977033856,0.19515794359979818,0.6199637023593465,0,61.54,2024-09-26,1.0,24.0,2024,9,26,Thursday,1,0,0,0,0,1,0,0,0,0.4119988096452998,4.0,0.6154
100856,-0.33254156769596205,1,1,Salaried,0.17759126974859987,-0.3131550633401037,-0.5742286751361163,0,71.17,2023-01-19,3.0,124.0,2023,1,19,Thursday,0,1,0,0,0,1,0,0,0,-1.7633471723210796,20.666666666666668,0.7117
100857,-0.14251781472684089,0,1,Salaried,-0.6508496717596719,-0.38334714005331755,0.5691470054446459,0,17.01,2017-06-16,3.0,44.0,2017,6,16,Friday,0,1,0,0,0,0,1,0,0,0.5889949041794548,7.333333333333333,0.17010000000000003
100858,0.9501187648456059,1,2,Self-Employed,-0.5843757925607881,-0.3425706691278771,0.7070780399274046,0,54.14,2017-11-26,11.0,300.0,2017,11,26,Sunday,0,0,1,0,0,0,1,0,0,0.5862163927542261,50.0,0.5414
100859,-0.4275534441805226,0,1,Salaried,0.49645344464440117,0.4026958666737763,-0.8754990925589838,0,20.76,2024-06-01,12.0,300.0,2024,6,1,Saturday,0,0,0,1,0,0,1,0,0,0.8111452765973225,50.0,0.2076
100860,0.48456057007125913,2,1,Self-Employed,0.14005794274253255,0.46677723658759934,-0.2039927404718695,0,46.82,2025-05-10,6.0,218.0,2025,5,10,Saturday,0,1,0,0,1,0,0,0,0,3.3327437733800815,36.333333333333336,0.4682
100861,-0.9501187648456059,2,1,Salaried,0.7044373619250316,1.7240395592075262,-0.16769509981851197,0,48.07,2025-08-06,9.0,10.0,2025,8,6,Wednesday,1,0,0,0,0,0,0,1,0,2.4473993748659284,1.6666666666666667,0.4807
100862,-0.5700712589073635,1,1,Self-Employed,0.8368470268441562,-0.22367149645929943,-0.04863883847549942,0,78.03,2014-02-02,5.0,281.0,2014,2,2,Sunday,0,0,0,1,0,0,1,0,0,-0.26727883267123465,46.833333333333336,0.7803
100863,0.19002375296912116,0,2,Salaried,0.0450794248459755,-0.19013976974984864,-0.2802177858439203,0,183.37,2011-06-01,10.0,206.0,2011,6,1,Wednesday,1,0,0,0,0,0,0,0,1,-4.217883666428888,34.333333333333336,1.8337
100864,0.09501187648456058,1,2,Salaried,0.6159023157405201,1.4060844636445857,0.12631578947368405,0,8.33,2020-04-07,6.0,153.0,2020,4,7,Tuesday,1,0,0,0,0,1,0,0,0,2.2829666778472864,25.5,0.0833
100865,0.6175771971496438,1,1,Salaried,-0.5926224263563651,-0.06910060488902249,-0.9698729582577135,1,8.94,2014-07-10,11.0,30.0,2014,7,10,Thursday,0,0,0,1,0,0,0,0,1,0.11660140051377303,5.0,0.0894
100866,-0.807600950118765,0,1,Unemployed,0.35723197903770504,-0.30864600452288965,-0.7956442831215973,1,84.72,2014-06-23,11.0,71.0,2014,6,23,Monday,0,0,1,0,1,0,0,0,0,-0.8639932106702932,11.833333333333334,0.8472
100867,-0.5700712589073635,0,3,Self-Employed,0.18004545314105783,1.1231210343194578,0.49655172413793086,1,89.0,2017-01-29,9.0,105.0,2017,1,29,Sunday,0,1,0,0,0,0,0,1,0,6.237986101429293,17.5,0.89
100868,-0.3800475059382423,1,2,Unemployed,0.30236199353698073,0.09374479668039337,-0.6722323049001816,0,40.84,2021-07-24,4.0,225.0,2021,7,24,Saturday,1,0,0,0,1,0,0,0,0,0.310041601405594,37.5,0.40840000000000004
100869,-0.28503562945368177,0,1,Salaried,-0.8716216185482895,-0.45853083836875286,0.8885662431941922,0,47.61,2022-03-07,6.0,192.0,2022,3,7,Monday,0,0,0,1,0,0,0,0,1,0.5260663900609177,32.0,0.47609999999999997
100870,0.6175771971496438,2,1,Self-Employed,8.004923818478764,4.162175196469399,0.7941923774954627,0,72.8,2010-10-27,4.0,91.0,2010,10,27,Wednesday,0,0,0,1,1,0,0,0,0,0.5199518809737241,15.166666666666666,0.728
100871,-0.19002375296912116,1,1,Self-Employed,0.014598927201144049,0.7334138391106985,0.5038112522686023,0,30.75,2014-04-15,6.0,230.0,2014,4,15,Tuesday,0,1,0,0,0,0,0,1,0,50.23751601783618,38.333333333333336,0.3075
100872,0.09501187648456058,0,0,Self-Employed,0.06801169993205498,0.7213002261907042,-0.5415607985480946,0,82.92,2011-01-27,5.0,84.0,2011,1,27,Thursday,0,0,0,1,0,1,0,0,0,10.605531502834031,14.0,0.8292
100873,0.9026128266033255,0,3,Self-Employed,-1.0121841598282917,-0.5723916195358408,0.16261343012704157,0,29.59,2017-06-12,9.0,80.0,2017,6,12,Monday,0,0,1,0,0,1,0,0,0,0.5655014593717236,13.333333333333334,0.2959
100874,0.6175771971496438,1,0,Salaried,0.5088258138251723,-0.46493384498032886,-0.5415607985480946,0,44.33,2018-04-03,1.0,176.8,2018,4,3,Tuesday,0,0,1,0,0,0,1,0,0,-0.9137387144042886,29.46666666666667,0.44329999999999997
100875,0.5225653206650832,1,1,Salaried,0.9056565613646527,1.8953452721995578,0.08638838475499076,0,71.9,2018-12-21,8.0,113.0,2018,12,21,Friday,0,1,0,0,1,0,0,0,0,2.0927858893261173,18.833333333333332,0.7190000000000001
100876,-0.7125890736342043,0,2,Unemployed,-0.3167505735725779,-0.0327988267925918,-0.22577132486388402,0,35.51,2018-09-03,11.0,77.0,2018,9,3,Monday,1,0,0,0,0,0,0,1,0,0.10354780552615643,12.833333333333334,0.35509999999999997
100877,-0.3800475059382423,1,1,Self-Employed,0.9295997908119333,1.0611288753236172,-0.20036297640653375,0,49.66,2014-03-11,8.0,27.0,2014,3,11,Tuesday,0,0,1,0,0,0,1,0,0,1.1414900108753288,4.5,0.4966
100878,-0.7125890736342043,0,0,Salaried,-0.2556686876383176,0.4668138614863732,0.4820326678765879,0,38.06,2021-02-27,4.0,32.0,2021,2,27,Saturday,0,0,0,1,0,0,1,0,0,-1.825854647272069,5.333333333333333,0.38060000000000005
100879,0.9501187648456059,1,2,Salaried,0.46683405631869507,1.5580406541722212,0.11324863883847525,0,29.0,2021-08-24,10.0,170.4,2021,8,24,Tuesday,0,0,1,0,0,0,0,0,1,3.337461423569725,28.400000000000002,0.29
100880,0.9026128266033255,0,1,Salaried,1.0017199461476076,0.6224582259457331,-0.9081669691470056,0,70.44,2011-11-08,10.0,202.0,2011,11,8,Tuesday,0,0,1,0,0,1,0,0,0,0.6213894695214657,33.666666666666664,0.7044
100881,-0.9026128266033255,1,2,Salaried,-0.3548631802321714,-0.5604331077565275,0.23520871143375663,0,43.75,2011-10-09,5.0,253.0,2011,10,9,Sunday,0,1,0,0,0,1,0,0,0,1.579293482603241,42.166666666666664,0.4375
100882,-0.4275534441805226,1,1,Unemployed,-0.2621545916009592,-0.528355645163117,-0.5451905626134302,1,54.09,2014-01-18,7.0,186.4,2014,1,18,Saturday,0,1,0,0,0,0,1,0,0,2.0154354037306272,31.066666666666666,0.5409
100883,0.6650831353919241,0,0,Salaried,0.136323088173225,-0.15690606649786965,0.0029038112522684375,0,14.23,2017-03-16,8.0,161.0,2017,3,16,Thursday,0,0,0,1,0,0,0,1,0,-1.1509867374665836,26.833333333333332,0.1423
100884,0.5415676959619953,1,1,Self-Employed,0.35386877276241807,0.9769580651320005,0.4929219600725951,0,64.48,2017-05-10,5.0,186.0,2017,5,10,Wednesday,0,0,0,1,0,1,0,0,0,2.76079196676649,31.0,0.6448
100885,-0.33254156769596205,1,2,Salaried,0.1268570574652023,-0.18634348966388548,0.3731397459165153,0,45.13,2016-11-15,12.0,36.0,2016,11,15,Tuesday,0,0,1,0,0,1,0,0,0,-1.468924893792375,6.0,0.45130000000000003
100886,0.9501187648456059,0,1,Unemployed,0.6023066978178201,0.5525163416654729,0.021052631578947205,0,43.35,2026-02-05,0.0,289.0,2026,2,5,Thursday,0,0,0,1,0,0,0,0,1,0.9173338826668548,48.166666666666664,0.4335
100887,-0.4275534441805226,1,3,Salaried,-0.39783610166011957,-0.5633432919871039,-0.7085299455535392,1,44.95,2025-06-21,2.0,49.0,2025,6,21,Saturday,0,1,0,0,0,1,0,0,0,1.4160185303353412,8.166666666666666,0.4495
100888,-0.8551068883610452,1,0,Salaried,0.8722885708109538,1.5869474504027095,-0.9662431941923777,0,8.81,2020-01-11,10.0,121.0,2020,1,11,Saturday,0,1,0,0,1,0,0,0,0,1.8192918072139221,20.166666666666668,0.08810000000000001
100889,0.9501187648456059,0,2,Salaried,1.0130558714411972,1.9782469846312265,-0.5415607985480946,1,60.34,2017-11-28,9.0,173.0,2017,11,28,Tuesday,0,0,1,0,0,0,0,0,1,1.9527521042022347,28.833333333333332,0.6034
100890,-0.5225653206650832,0,2,Self-Employed,0.5018234718307512,4.9379936022306845,0.9575317604355715,0,36.194,2019-10-04,10.0,108.0,2019,10,4,Friday,0,1,0,0,0,0,0,1,0,9.840100910816124,18.0,0.36194000000000004
100891,0.7125890736342043,1,2,Self-Employed,0.036167844579124246,-0.2887206688727448,0.21705989110707788,0,11.75,2011-04-15,2.0,225.0,2011,4,15,Friday,0,0,1,0,0,1,0,0,0,-7.982799976954992,37.5,0.1175
100892,0.4275534441805226,1,1,Salaried,8.858831867254773,-0.5198760244764858,-0.07695099818511814,0,41.56,2024-04-19,2.0,167.0,2024,4,19,Friday,0,1,0,0,0,0,0,1,0,-0.05868448936231906,27.833333333333332,0.4156
100893,-0.23752969121140147,1,1,Salaried,0.2578444387852827,0.10649268114080757,0.1299455535390198,0,77.1,2021-07-05,2.0,20.0,2021,7,5,Monday,1,0,0,0,0,0,0,0,1,0.41301135538350026,3.3333333333333335,0.7709999999999999
100894,-0.9976247030878861,0,0,Salaried,-0.09388650648773109,-0.22115359897922005,-0.9880217785843922,1,19.4,2025-03-28,7.0,145.0,2025,3,28,Friday,0,0,0,1,0,1,0,0,0,2.3555418904432233,24.166666666666668,0.19399999999999998
100895,0.09501187648456058,1,1,Salaried,0.047657612297276344,0.8306906635345412,0.5219600725952811,1,17.85,2010-09-13,9.0,141.0,2010,9,13,Monday,0,1,0,0,1,0,0,0,0,17.43038779099757,23.5,0.17850000000000002
100896,-1.0926365795724466,1,1,Salaried,-0.42553426134097244,-0.2237634284923059,-0.3274047186932851,0,66.03,2023-08-18,0.0,188.0,2023,8,18,Friday,1,0,0,0,0,0,1,0,0,0.525841157389225,31.333333333333332,0.6603
100897,-0.807600950118765,2,1,Salaried,-0.14823229704661073,-0.1584986306048021,-0.2656987295825773,1,8.13,2019-10-30,7.0,196.0,2019,10,30,Wednesday,0,0,0,1,0,0,1,0,0,1.0692584123887872,32.666666666666664,0.08130000000000001
100898,-0.9976247030878861,1,2,Unemployed,-0.7116844459697432,-0.5337120205311338,0.7760435571687838,0,26.24,2011-07-05,3.0,21.0,2011,7,5,Tuesday,0,0,0,1,0,0,1,0,0,0.7499278978956696,3.5,0.26239999999999997
100899,-0.7600950118764846,1,2,Self-Employed,-0.3728171201395267,0.1717774957091602,0.4820326678765879,0,37.97,2024-06-21,3.0,108.0,2024,6,21,Friday,0,0,0,1,1,0,0,0,0,-0.460755384958911,18.0,0.3797
100900,0.44655581947743467,1,2,Salaried,-0.33321585771128875,-0.6425942431909317,-0.12413793103448292,1,90.45,2018-08-03,9.0,255.0,2018,8,3,Friday,0,1,0,0,0,0,1,0,0,1.9284623715228477,42.5,0.9045000000000001
100901,0.19002375296912116,0,1,Salaried,-0.04122573157441241,0.5107825589104934,0.5132486388384754,0,318.09,2010-09-23,12.0,26.0,2010,9,23,Thursday,0,1,0,0,0,0,0,0,1,-12.389896780570924,4.333333333333333,3.1809
100902,0.05700712589073648,1,3,Unemployed,-0.5324615359269909,0.0548232209245908,-0.2656987295825773,1,45.49,2025-03-25,11.0,297.0,2025,3,25,Tuesday,0,1,0,0,0,0,0,1,0,-0.10296184273507403,49.5,0.4549
100903,-0.09501187648456058,0,1,Self-Employed,0.25317341214791816,-0.3701795323236367,-0.5560798548094376,1,38.48,2018-04-27,8.0,60.0,2018,4,27,Friday,0,0,1,0,0,0,0,1,0,-1.4621580093385043,10.0,0.3848
100904,-0.28503562945368177,2,1,Self-Employed,-0.8545347787086797,-0.6361733501878342,0.5110707803992739,0,56.65,2011-09-22,8.0,280.0,2011,9,22,Thursday,0,0,1,0,0,1,0,0,0,0.7444674763842616,46.666666666666664,0.5665
100905,-0.4275534441805226,1,0,Salaried,-0.9354138522860003,-0.6227803337308447,0.347731397459165,0,38.03,2021-11-16,10.0,30.0,2021,11,16,Tuesday,0,0,0,1,0,0,1,0,0,0.6657805336203545,5.0,0.3803
100906,0.14251781472684089,1,1,Salaried,0.3180802978866471,-0.00701496236643945,0.05735027223230473,0,63.46,2017-01-19,4.0,241.0,2017,1,19,Thursday,0,1,0,0,0,0,0,0,1,-0.022054061232485836,40.166666666666664,0.6346
100907,-0.807600950118765,1,3,Salaried,-0.41509133034945966,-0.5585189985824192,-0.9553539019963704,0,91.45,2015-08-07,2.0,242.0,2015,8,7,Friday,1,0,0,0,0,1,0,0,0,1.3455327966310684,40.333333333333336,0.9145
100908,-0.09501187648456058,1,2,Salaried,0.2033567251727985,-0.21296192106018763,0.021052631578947205,1,71.21,2010-08-01,12.0,284.0,2010,8,1,Sunday,1,0,0,0,1,0,0,0,0,-1.047233234500739,47.333333333333336,0.7121
100909,-0.8551068883610452,0,2,Self-Employed,-0.9572737833690937,-0.3757234455019025,-0.2947368421052633,1,51.6,2021-03-12,9.0,108.0,2021,3,12,Friday,0,0,1,0,1,0,0,0,0,0.3924931947677039,18.0,0.516
100910,-0.807600950118765,1,1,Salaried,0.5251319570549857,0.5720905252462065,-0.43266787658802197,1,15.6,2022-08-07,11.0,88.0,2022,8,7,Sunday,1,0,0,0,0,1,0,0,0,1.08942241575731,14.666666666666666,0.156
100911,0.14251781472684089,0,3,Self-Employed,0.7003565172161638,0.7672581395556678,0.2860254083484572,0,68.36,2015-11-03,5.0,48.0,2015,11,3,Tuesday,1,0,0,0,1,0,0,0,0,1.0955250942840231,8.0,0.6836
100912,0.807600950118765,0,0,Salaried,0.8758781386322467,0.7437518679346505,-0.9226860254083487,1,228.74,2014-10-24,2.0,198.0,2014,10,24,Friday,0,0,0,1,0,0,1,0,0,0.8491499389356585,33.0,2.2874
100913,0.9976247030878861,0,0,Salaried,0.5939088486518902,1.0064050223476093,0.47477313974591634,0,67.46,2016-05-28,10.0,81.0,2016,5,28,Saturday,1,0,0,0,0,0,0,0,1,1.6945445831158124,13.5,0.6746
100914,0.4275534441805226,0,1,Salaried,0.11643380275471267,0.02496027849457261,0.006533575317604191,1,23.02,2021-01-06,4.0,163.0,2021,1,6,Wednesday,0,0,1,0,0,0,0,1,0,0.21437312794082336,27.166666666666668,0.2302
100915,-0.6175771971496438,0,3,Self-Employed,-0.104002351479773,0.6861271991778096,0.9466424682395642,0,55.698,2013-01-16,4.2,108.0,2013,1,16,Wednesday,0,1,0,0,0,1,0,0,0,-6.597227749328838,18.0,0.55698
100916,-0.23752969121140147,0,1,Salaried,-0.5512762319211825,-0.625183774382842,-0.45444646098003644,0,20.54,2020-02-21,7.0,149.2,2020,2,21,Friday,0,1,0,0,0,0,1,0,0,1.1340662596754694,24.866666666666664,0.2054
100917,-0.7125890736342043,1,2,Salaried,0.6536620309181428,0.6678371266715433,-0.9880217785843922,0,45.06,2025-12-31,3.0,116.0,2025,12,31,Wednesday,0,1,0,0,0,0,0,0,1,1.021685664889377,19.333333333333332,0.4506
100918,0.0,1,2,Salaried,0.21729279512077945,-0.04540454458601411,-0.7920145190562615,0,77.95,2011-12-21,9.0,8.0,2011,12,21,Wednesday,1,0,0,0,0,0,0,1,0,-0.20895559174328154,1.3333333333333333,0.7795000000000001
100919,-0.04750593824228029,1,1,Unemployed,0.5883547075663211,0.9863742735504887,-0.6105263157894738,0,65.11,2017-03-03,3.0,30.0,2017,3,3,Friday,1,0,0,0,1,0,0,0,0,1.6764959315623418,5.0,0.6511
100920,0.8551068883610452,1,2,Salaried,-0.4883174488818572,-0.11789414235810768,0.4638838475499091,0,10.84,2025-11-30,0.0,300.0,2025,11,30,Sunday,0,0,1,0,0,1,0,0,0,0.24142930511301638,50.0,0.1084
100921,0.19002375296912116,1,0,Salaried,-0.6607941369652652,-0.05926799323708706,-0.30199637023593484,0,31.13,2022-02-28,6.0,96.0,2022,2,28,Monday,0,0,0,1,0,1,0,0,0,0.08969206886319951,16.0,0.31129999999999997
100922,0.8551068883610452,1,1,Salaried,-0.23010563076564472,0.11963721743513271,-0.7448275862068967,1,81.62,2016-09-23,9.0,292.0,2016,9,23,Friday,1,0,0,0,1,0,0,0,0,-0.5199230329003962,48.666666666666664,0.8162
100923,-0.3800475059382423,1,1,Salaried,0.4546645471989728,1.1275057003176139,-0.6323049001814883,1,68.86,2025-12-19,1.0,158.0,2025,12,19,Friday,0,0,0,1,0,0,0,1,0,2.479862807126214,26.333333333333332,0.6886
100924,-0.7600950118764846,0,1,Self-Employed,-0.4906586334425664,0.2106437643307301,0.09872958257713224,0,62.39,2025-09-15,8.0,38.0,2025,9,15,Monday,0,1,0,0,0,0,0,1,0,-0.4293081787898201,6.333333333333333,0.6239
100925,-0.01900237529691205,1,3,Salaried,-0.7550940051077787,-0.2279060293122627,0.6453720508166968,0,50.79,2018-02-09,8.0,216.0,2018,2,9,Friday,1,0,0,0,0,0,1,0,0,0.3018247102620454,36.0,0.5079
100926,-0.09501187648456058,1,0,Self-Employed,0.25024533835165774,-0.42033462210947353,-0.8392014519056263,1,93.66,2012-09-21,11.0,275.0,2012,9,21,Friday,0,0,1,0,0,0,1,0,0,-1.679690118817708,45.833333333333336,0.9366
100927,-0.807600950118765,0,1,Unemployed,-0.9923558824186892,0.17164181959161312,-0.4580762250453722,1,26.31,2013-02-11,11.0,152.0,2013,2,11,Monday,0,0,0,1,0,0,1,0,0,-0.17296397656581328,25.333333333333332,0.2631
100928,-0.4275534441805226,0,2,Self-Employed,0.8146881795928812,0.6693409581988741,-0.5960072595281308,1,7.37,2021-01-30,9.0,186.0,2021,1,30,Saturday,0,0,0,1,0,0,1,0,0,0.82159159168525,31.0,0.0737
100929,-0.04750593824228029,1,1,Unemployed,0.8522841387663727,1.8049047070034927,-0.4435571687840292,1,56.5,2022-06-05,7.0,257.0,2022,6,5,Sunday,1,0,0,0,0,0,0,0,1,2.117726500948355,42.833333333333336,0.565
100930,-0.09501187648456058,0,1,Self-Employed,-0.42084208514218346,0.1761605378641312,0.28965517241379296,0,77.33,2020-06-25,3.0,8.0,2020,6,25,Thursday,0,0,0,1,0,0,1,0,0,-0.4185905927269953,1.3333333333333333,0.7733
100931,0.3800475059382423,0,2,Self-Employed,-0.884526667345988,-0.6438734698737187,-0.4508166969147007,0,16.68,2022-05-17,3.0,217.0,2022,5,17,Tuesday,1,0,0,0,0,1,0,0,0,0.7279299693763374,36.166666666666664,0.1668
100932,-0.14251781472684089,1,2,Self-Employed,-0.05666285237181218,-0.556149144152344,0.5836660617059889,0,250.04,2011-12-08,0.0,108.0,2011,12,8,Thursday,0,0,0,1,0,0,1,0,0,9.815057323676298,18.0,2.5004
100933,-0.6650831353919241,1,1,Salaried,-0.38428993625787994,-0.20458638711396993,0.5328493647912884,0,52.67,2018-12-06,8.0,170.0,2018,12,6,Thursday,0,0,1,0,0,0,1,0,0,0.5323750840476891,28.333333333333332,0.5267000000000001
100934,-0.7125890736342043,0,1,Salaried,0.06752876571663208,0.17139606137599092,0.979310344827586,0,48.08,2026-02-14,9.0,19.0,2026,2,14,Saturday,0,0,1,0,1,0,0,0,0,2.538119267501682,3.1666666666666665,0.4808
100935,-0.8551068883610452,0,2,Self-Employed,0.6287101812828267,1.0308701074511706,-0.6794918330308531,1,74.22,2019-03-20,7.0,247.0,2019,3,20,Wednesday,0,0,0,1,0,0,0,1,0,1.6396586823960329,41.166666666666664,0.7422
100936,-0.47505938242280293,2,1,Salaried,-0.7667016885091394,0.031007788854275065,0.2932849364791287,0,11.64,2022-11-23,8.0,176.0,2022,11,23,Wednesday,0,1,0,0,0,1,0,0,0,-0.04044309451642148,29.333333333333332,0.1164
100937,-0.23752969121140147,1,1,Self-Employed,-0.9267449195262182,-0.6122407071870837,-0.47259528130671524,0,62.81,2017-02-10,8.0,158.0,2017,2,10,Friday,0,0,0,1,0,0,0,1,0,0.6606356229069816,26.333333333333332,0.6281
100938,0.9976247030878861,0,0,Salaried,0.15577898064860615,0.2020030696544741,-0.41814882032667894,1,46.92,2020-02-04,9.0,174.0,2020,2,4,Tuesday,1,0,0,0,0,0,1,0,0,1.2967286652756869,29.0,0.4692
100939,-0.0380047505938241,1,0,Salaried,-0.18419405987320567,0.36904561548945264,0.7433756805807621,0,36.01,2021-08-09,4.0,20.0,2021,8,9,Monday,0,1,0,0,0,0,0,0,1,-2.003569581687346,3.3333333333333335,0.3601
100940,0.9976247030878861,0,1,Salaried,0.5671547422017233,0.9845968726793977,0.06098003629764049,1,51.29,2022-05-14,9.0,204.0,2022,5,14,Saturday,0,0,0,1,0,0,0,1,0,1.7360286345436218,34.0,0.5129
100941,0.8551068883610452,1,2,Salaried,0.6727489997807274,1.0458855538675784,0.15317604355716855,0,74.1,2014-01-30,5.0,21.0,2014,1,30,Thursday,0,0,1,0,0,0,1,0,0,1.55464453192568,3.5,0.741
100942,0.6175771971496438,0,1,Salaried,0.9619255242334933,0.8537754031500704,-0.5379310344827588,0,43.94,2012-11-23,4.0,115.0,2012,11,23,Friday,0,0,1,0,1,0,0,0,0,0.8875691325795706,19.166666666666668,0.43939999999999996
100943,0.7600950118764846,1,1,Self-Employed,0.10983600935821505,0.8076842703332896,0.7361161524500905,0,79.83,2011-03-30,3.0,121.4,2011,3,30,Wednesday,0,0,0,1,1,0,0,0,0,7.353547120408739,20.233333333333334,0.7983
100944,0.04750593824228029,1,2,Salaried,-0.8185726697499421,-0.6207912705277268,0.24246823956442815,1,18.77,2021-08-15,8.0,83.0,2021,8,15,Sunday,1,0,0,0,0,0,1,0,0,0.7583826011652286,13.833333333333334,0.1877
100945,-0.6175771971496438,0,1,Salaried,0.8313095160767565,-0.14716265367753972,-0.25480943738657,0,19.58,2013-09-10,12.0,172.0,2013,9,10,Tuesday,0,1,0,0,0,0,0,1,0,-0.17702510416583742,28.666666666666668,0.19579999999999997
100946,-0.3800475059382423,1,2,Self-Employed,-0.9477163737754535,-0.562311998826701,0.1444646098003628,1,25.29,2025-11-28,10.0,219.8,2025,11,28,Friday,0,1,0,0,0,0,1,0,0,0.5933336327055293,36.63333333333333,0.2529
100947,-0.23752969121140147,0,1,Salaried,-0.30909058938260725,-0.5063133324842858,-0.6431941923774956,0,85.54,2021-08-21,8.8,64.0,2021,8,21,Saturday,0,0,1,0,0,0,0,0,1,1.638074240615416,10.666666666666666,0.8554
100948,0.14251781472684089,0,0,Salaried,-0.05970813183662974,0.6547459601539872,-0.8646098003629765,1,43.464,2011-10-09,9.0,49.0,2011,10,9,Sunday,0,0,1,0,0,1,0,0,0,-10.965775347744405,8.166666666666666,0.43463999999999997
100949,0.9501187648456059,1,3,Salaried,-0.5977479511223694,-0.12652063242590603,-0.47985480943738673,0,91.07,2024-03-30,5.8,164.0,2024,3,30,Saturday,0,1,0,0,0,1,0,0,0,0.21166217665546636,27.333333333333332,0.9107
100950,0.4275534441805226,0,1,Salaried,-0.442919502588142,-0.04060798513672221,0.598185117967332,1,16.27,2016-02-27,3.0,169.0,2016,2,27,Saturday,1,0,0,0,1,0,0,0,0,0.0916825402797456,28.166666666666668,0.16269999999999998
100951,-0.3800475059382423,1,3,Salaried,1.005746483610837,-0.36995119746306343,-0.948094373865699,1,60.3,2016-10-16,10.0,65.0,2016,10,16,Sunday,0,1,0,0,0,0,1,0,0,-0.3678374257246841,10.833333333333334,0.603
100952,0.5700712589073635,0,2,Salaried,-0.6923188673580026,-0.4655171985864132,-0.7520871143375683,0,48.136,2012-02-05,8.0,268.0,2012,2,5,Sunday,0,1,0,0,0,0,1,0,0,0.672402877539507,44.666666666666664,0.48136
100953,-0.04750593824228029,1,2,Salaried,0.9887362809776481,2.214291153270372,0.6381125226860253,0,58.26,2013-10-13,11.0,150.0,2013,10,13,Sunday,0,0,1,0,0,1,0,0,0,2.239516437164532,25.0,0.5826
100954,-0.7600950118764846,0,0,Self-Employed,-0.21622381481220357,0.4546564530333413,-0.5234119782214157,1,18.88,2023-01-09,8.0,106.4,2023,1,9,Monday,0,0,0,1,0,0,0,0,1,-2.1027121985995074,17.733333333333334,0.1888
100955,0.7600950118764846,0,0,Salaried,0.3876180873347976,0.6018047091705597,-0.8464609800362978,0,61.2,2024-10-10,0.0,59.0,2024,10,10,Thursday,1,0,0,0,0,0,0,1,0,1.5525712778484524,9.833333333333334,0.612
100956,-0.3800475059382423,0,1,Salaried,-0.27020838541725306,4.9379936022306845,-0.7339382940108895,1,35.39,2023-07-29,9.0,233.0,2023,7,29,Saturday,0,1,0,0,1,0,0,0,0,-18.274760772525564,38.833333333333336,0.3539
100957,0.9026128266033255,1,2,Salaried,0.6431186594790257,-0.3890569022848324,-0.3346642468239566,0,8.71,2022-08-23,10.0,278.0,2022,8,23,Tuesday,0,0,0,1,1,0,0,0,0,-0.604953528482594,46.333333333333336,0.08710000000000001
100958,0.19002375296912116,1,0,Salaried,0.2026476246653988,-0.2610334351462244,0.7651542649727766,0,12.31,2010-08-21,1.0,244.0,2010,8,21,Saturday,1,0,0,0,1,0,0,0,0,-1.2881149511484737,40.666666666666664,0.1231
100959,-0.9976247030878861,0,1,Salaried,0.12818678177927126,1.08673988083881,0.4094373865698728,1,74.39,2024-05-21,7.0,123.0,2024,5,21,Tuesday,0,0,0,1,0,0,1,0,0,8.477784259457428,20.5,0.7439
100960,0.19002375296912116,0,0,Self-Employed,0.9197618544295789,1.2847713676927552,-0.0007259528130673157,1,63.6,2015-12-09,5.0,205.0,2015,12,9,Wednesday,0,0,1,0,0,1,0,0,0,1.3968521976697426,34.166666666666664,0.636
100961,-0.8551068883610452,1,1,Salaried,0.42468916640230653,1.231905834426964,0.9466424682395642,1,42.49,2022-10-31,5.0,237.0,2022,10,31,Monday,1,0,0,0,0,0,1,0,0,2.900723474683562,39.5,0.4249
100962,-0.5700712589073635,0,3,Salaried,0.9418363519402844,0.1945282220358282,-0.2656987295825773,0,7.73,2024-05-01,2.0,149.0,2024,5,1,Wednesday,0,1,0,0,1,0,0,0,0,0.20654142477626725,24.833333333333332,0.07730000000000001
100963,0.33254156769596205,1,3,Salaried,0.8373029893780144,0.8987361160226953,-0.9662431941923777,0,54.1,2024-01-25,11.0,59.0,2024,1,25,Thursday,0,0,1,0,0,0,0,0,1,1.0733702464030568,9.833333333333334,0.541
100964,-0.5225653206650832,1,1,Unemployed,0.8916024958568152,1.4244916264988725,0.17350272232304884,1,91.1,2024-05-25,6.0,216.0,2024,5,25,Saturday,0,0,1,0,1,0,0,0,0,1.5976756829622374,36.0,0.9109999999999999
100965,-0.6650831353919241,0,1,Salaried,-0.20500734060850578,0.025898361448372677,-0.9880217785843922,0,27.04,2020-10-31,1.0,179.0,2020,10,31,Saturday,1,0,0,0,0,1,0,0,0,-0.12632894691234364,29.833333333333332,0.2704
100966,0.807600950118765,1,0,Self-Employed,-0.6553810740158655,-0.16936320263983531,-0.38548094373865716,0,41.55,2025-05-13,9.0,180.0,2025,5,13,Tuesday,0,1,0,0,0,1,0,0,0,0.2584194285655178,30.0,0.4155
100967,-0.04750593824228029,1,3,Salaried,-1.0121841598282917,-0.48151096068124394,-0.9444646098003632,1,11.57,2020-03-04,11.0,298.0,2020,3,4,Wednesday,0,0,1,0,0,0,1,0,0,0.47571477581997346,49.666666666666664,0.1157
100968,0.4275534441805226,1,2,Self-Employed,-0.10285649433483193,-0.062055673773103566,0.30417422867513594,0,19.23,2011-05-06,1.0,232.0,2011,5,6,Friday,0,1,0,0,1,0,0,0,0,0.6033228545695113,38.666666666666664,0.1923
100969,0.47505938242280293,0,1,Salaried,-0.1597146362364741,-0.4148704299850137,-0.4000000000000002,0,48.58,2019-04-28,9.0,199.0,2019,4,28,Sunday,1,0,0,0,1,0,0,0,0,2.597573019987692,33.166666666666664,0.4858
100970,-0.23752969121140147,0,2,Self-Employed,0.889404414749068,1.8789083536528604,-0.6359346642468241,0,57.092,2014-07-30,2.0,8.0,2014,7,30,Wednesday,0,0,0,1,0,0,0,1,0,2.112546691352961,1.3333333333333333,0.57092
100971,-0.8551068883610452,0,1,Self-Employed,0.24270890558619018,0.3888382059786115,0.6453720508166968,0,33.13,2013-03-22,9.0,300.0,2013,3,22,Friday,0,0,0,1,0,0,0,1,0,1.6020763846282857,50.0,0.33130000000000004
100972,0.9026128266033255,1,1,Self-Employed,-0.3639689317557769,0.15561874310787327,0.7397459165154263,0,33.74,2026-02-10,12.0,160.0,2026,2,10,Tuesday,0,0,0,1,0,0,1,0,0,-0.42756051280853125,26.666666666666668,0.33740000000000003
100973,0.28503562945368177,1,0,Salaried,-0.5806797225418058,-0.4303227368434724,-0.022504537205081835,0,92.78,2017-09-30,1.0,9.0,2017,9,30,Saturday,0,0,0,1,1,0,0,0,0,0.7410672701981452,1.5,0.9278
100974,-0.18052256532066496,1,0,Salaried,0.5859192490352538,1.349875670386225,0.9248638838475497,0,73.46,2012-12-07,12.2,194.0,2012,12,7,Friday,0,0,0,1,0,0,0,0,1,2.3038595721319357,32.333333333333336,0.7345999999999999
100975,0.16152019002375292,1,1,Unemployed,-0.645078734800486,-0.1968461215228009,-0.813793103448276,0,55.55,2021-07-20,5.0,61.0,2021,7,20,Tuesday,0,0,0,1,0,0,0,0,1,0.30515053574612516,10.166666666666666,0.5555
100976,0.19002375296912116,1,3,Salaried,0.8199525743494894,0.7417512207808887,0.6199637023593465,0,26.76,2017-02-27,6.0,167.0,2017,2,27,Monday,0,0,0,1,0,1,0,0,0,0.9046269796388628,27.833333333333332,0.2676
100977,0.4275534441805226,1,2,Self-Employed,-0.5059498196035821,-0.15785055639730683,0.19528130671506336,0,29.07,2012-09-30,2.0,248.0,2012,9,30,Sunday,0,0,0,1,0,0,0,1,0,0.31198856147628373,41.333333333333336,0.2907
100978,-1.0451306413301664,1,0,Self-Employed,0.8537682735167256,-0.44134781211136737,0.4166969147005443,1,17.68,2015-07-24,6.0,83.0,2015,7,24,Friday,0,0,1,0,0,1,0,0,0,-0.5169409848101145,13.833333333333334,0.17679999999999998
100979,0.28503562945368177,0,1,Self-Employed,-0.5851712663505141,-0.5036239828880853,-0.09147005444646114,0,31.12,2011-02-19,10.0,13.0,2011,2,19,Saturday,1,0,0,0,1,0,0,0,0,0.8606437326100997,2.1666666666666665,0.31120000000000003
100980,-0.33254156769596205,0,0,Salaried,-0.9941267565859544,-0.4202294742438103,-0.6214156079854811,1,82.77,2018-08-13,2.0,48.0,2018,8,13,Monday,1,0,0,0,0,0,0,0,1,0.42271216568696823,8.0,0.8277
100981,-0.7600950118764846,1,1,Salaried,-0.8824430494752077,-0.3259321769778536,-0.23303085299455553,1,27.34,2019-05-19,11.0,222.0,2019,5,19,Sunday,1,0,0,0,1,0,0,0,0,0.3693520813288594,37.0,0.2734
100982,-1.0451306413301664,1,3,Salaried,0.37348017619679214,0.12976866446613272,0.16261343012704157,0,78.21,2013-08-01,12.2,186.0,2013,8,1,Thursday,0,0,0,1,1,0,0,0,0,0.3474579716320893,31.0,0.7820999999999999
100983,-0.6175771971496438,1,3,Self-Employed,0.25792051685516554,1.0024735934911928,-0.5669691470054448,0,69.9,2022-12-16,3.0,261.0,2022,12,16,Friday,0,1,0,0,0,0,1,0,0,3.8867539725586417,43.5,0.6990000000000001
100984,0.33254156769596205,1,1,Salaried,0.8660994440973571,-0.12416269957723594,-0.8936479128856626,0,73.68,2014-04-05,0.0,295.0,2014,4,5,Saturday,0,1,0,0,0,0,0,0,1,-0.1433584797027984,49.166666666666664,0.7368000000000001
100985,0.4275534441805226,0,3,Salaried,-0.5950493984373131,-0.4014233122179391,-0.18584392014519072,1,94.64,2021-03-05,1.0,77.0,2021,3,5,Friday,0,0,1,0,0,1,0,0,0,0.6746050214858389,12.833333333333334,0.9464
100986,-0.28503562945368177,1,3,Salaried,0.09378129119159717,-0.152011746865525,0.4196007259528127,0,49.89,2020-06-21,4.0,243.0,2020,6,21,Sunday,0,0,1,0,1,0,0,0,0,-1.6209176151665663,40.5,0.4989
100987,0.13301662707838469,1,2,Self-Employed,-0.4630133432276833,-0.27978303598074955,0.15535390199637006,0,49.76,2016-12-02,10.0,44.0,2016,12,2,Friday,0,0,1,0,0,1,0,0,0,0.604265600706821,7.333333333333333,0.4976
100988,0.3800475059382423,1,1,Self-Employed,0.6381820074854404,0.8737911997277619,0.42032667876588004,0,90.07,2012-01-08,5.0,278.0,2012,1,8,Sunday,0,0,0,1,0,0,0,0,1,1.3691880834601824,46.333333333333336,0.9007
100989,-0.04750593824228029,1,1,Self-Employed,0.9309886415960864,0.06489143453729514,0.5183303085299454,0,46.15,2021-05-03,11.0,174.0,2021,5,3,Monday,0,1,0,0,0,0,0,0,1,0.0697016393519531,29.0,0.46149999999999997
100990,-0.04750593824228029,1,1,Salaried,0.5867145364461338,0.1966457215883116,-0.7339382940108895,1,24.36,2015-05-27,0.0,160.0,2015,5,27,Wednesday,0,1,0,0,0,0,1,0,0,0.3351642227571868,26.666666666666668,0.24359999999999998
100991,0.0,1,1,Salaried,-1.0121841598282917,-0.5899566589219866,0.7252268602540833,0,9.38,2017-11-30,2.0,298.0,2017,11,30,Thursday,1,0,0,0,0,0,1,0,0,0.5828550597176582,49.666666666666664,0.09380000000000001
100992,-0.4275534441805226,0,1,Salaried,-0.5940082773286164,-0.2176769185641417,-0.726678765880218,0,49.54,2016-04-23,4.0,253.0,2016,4,23,Saturday,0,0,0,1,1,0,0,0,0,0.3664543523586605,42.166666666666664,0.4954
100993,0.9501187648456059,0,2,Salaried,-0.9395231774575672,-0.5021741722825633,-0.8319419237749548,0,173.85,2024-09-03,2.0,148.0,2024,9,3,Tuesday,1,0,0,0,1,0,0,0,0,0.5344989717459564,24.666666666666668,1.7385
100994,-0.7600950118764846,1,2,Salaried,-0.5549719203072898,-0.6403192790824381,-0.9372050816696916,0,53.3,2016-05-29,9.0,82.0,2016,5,29,Sunday,0,0,1,0,0,0,0,0,1,1.153786805516018,13.666666666666666,0.5329999999999999
100995,-1.0926365795724466,0,1,Salaried,-0.9655732511299078,-0.5085715195594736,0.9575317604355715,1,43.78,2012-05-30,3.0,253.0,2012,5,30,Wednesday,1,0,0,0,0,0,0,1,0,0.5267042339505018,42.166666666666664,0.4378
100996,-0.9026128266033255,1,2,Salaried,0.5101097333190519,0.25676619230355285,0.15898366606170583,0,70.48,2015-12-07,2.0,83.0,2015,12,7,Monday,0,0,0,1,0,0,0,1,0,0.5033548186443966,13.833333333333334,0.7048000000000001
100997,0.09501187648456058,1,2,Self-Employed,0.8329254650471161,1.6383145220780402,-0.6214156079854811,1,39.072,2019-01-17,10.0,230.0,2019,1,17,Thursday,0,0,0,1,0,0,0,1,0,1.9669401294932982,38.333333333333336,0.39072
100998,-1.0926365795724466,1,3,Self-Employed,-0.5757284353712214,-0.5868500700542632,0.36588021778584373,0,9.6,2018-12-26,0.0,140.0,2018,12,26,Wednesday,1,0,0,0,0,0,0,0,1,1.0193175010990567,23.333333333333332,0.096
100999,-1.0926365795724466,0,1,Self-Employed,-0.8136253764117711,1.0653879684028171,-0.726678765880218,1,22.52,2022-08-08,4.0,248.0,2022,8,8,Monday,0,1,0,0,0,0,0,0,1,-1.3094330625494532,41.333333333333336,0.22519999999999998
101000,0.04750593824228029,1,3,Salaried,-0.7948925806076027,-0.4945600037419136,-0.45444646098003644,0,30.97,2022-05-30,11.0,204.0,2022,5,30,Monday,0,0,1,0,1,0,0,0,0,0.6221721221298608,34.0,0.3097
